tag3,artist,tag2,tag1,playcount,similar1,similar2,similar3,listener_count
NA,NA,NA,NA,NA,NA,NA,NA,NA
NA,NA,NA,NA,NA,NA,NA,NA,NA
hiphop,12 Gauge,bass,Hip-Hop,9846,Duice,504 Boyz,Southern Playas,2660
Dirty South,2 Chainz,rap,Hip-Hop,6435508,Gucci Mane,Future,French Montana,520267
rnb,2 Pistols,rap,Hip-Hop,617015,Yung Berg,Brisco,Playaz Circle,165793
NA,NA,NA,NA,NA,NA,NA,NA,NA
hip hop,21 Savage,Hip-Hop,trap,809521,Kodak Black,LIL UZI VERT,MADEINTYO,51132
rap,2Mex,underground hip-hop,Hip-Hop,152636,Mystik Journeymen,Bicasso,Of Mexican Descent,14841
Aussie Hip-Hop,360,australian,Hip-Hop,688365,Seth Sentry,Illy,Bliss n Eso,40897
Gangsta Rap,40 Glocc,Hip-Hop,rap,122368,Spider Loc,Swifty McVay,Hot Rod,27200
Gangsta Rap,50 Cent,Hip-Hop,rap,36930530,G-Unit,Lloyd Banks,Tony Yayo,2529495
50 Cent,6 Tre G,2pac,Hip-Hop,8494,Mata,Betta Half,G-Side,1255
NA,NA,NA,NA,NA,NA,NA,NA,NA
hip hop,9th Wonder,producer,Hip-Hop,1968092,Little Brother,Murs,Black Milk,135131
funk,Andre 3000,rap,Hip-Hop,2410399,Big Boi,OutKast,N*E*R*D,205850
seen live,Big Boi,rap,Hip-Hop,8500251,Andre 3000,OutKast,Big K.R.I.T.,492215
NA,NA,NA,NA,NA,NA,NA,NA,NA
NA,NA,NA,NA,NA,NA,NA,NA,NA
Stones throw,Arabian Prince,Hip-Hop,electro,71165,Baron Zen,Chocolate Star,Jonathon Brown,14295
underground hip-hop,Ab-Soul,rap,Hip-Hop,4322982,ScHoolboy Q,Jay Rock,Isaiah Rashad,202799
rap,Abstract Rude,underground hip-hop,Hip-Hop,360446,Aceyalone,The Grouch,Eligh,42356
Dirty South,Ace Hood,Hip-Hop,rap,4114942,Young Jeezy,Rick Ross,Meek Mill,688832
rap,Aceyalone,hip hop,Hip-Hop,1510372,Freestyle Fellowship,Haiku D'Etat,Abstract Rude,129854
underground hip-hop,Action Bronson,rap,Hip-Hop,6441408,Action Bronson & Statik Selektah,Action Bronson & The Alchemist,Action Bronson & Party Supplies,218115
NA,NA,NA,NA,NA,NA,NA,NA,NA
rap,Aesop Rock,underground hip-hop,Hip-Hop,21193462,Hail Mary Mallon,Rob Sonic,El-P,535064
electro,Afrika Bambaataa,funk,Hip-Hop,913075,Afrika Bambaataa & The Soulsonic Force,Grandmaster Flash and The Furious Five,Kurtis Blow,158996
reggae,Afroman,Hip-Hop,rap,3559361,Ying Yang Twins,Coolio,Ludacris,455919
underground hip-hop,Afu-Ra,rap,Hip-Hop,1684698,Jeru the Damaja,Artifacts,Black Moon,141232
rap,Agallah,Hip-Hop,underground hip-hop,68204,Purple City,Duke Da God,Jay Bezel,9853
90s,Ahmad,rap,Hip-Hop,125337,Positive K,Pete Rock & C.L. Smooth,Luniz,18533
rap,Ajs Nigrutin,seen live,Hip-Hop,339532,43zla,Prti Bee Gee,Wikluh Sky,9044
UK hip-hop,Akala,Hip-Hop,Grime,1245981,Lowkey,Kano,Roll Deep,121672
hip hop,Akinyele,rap,Hip-Hop,198158,Lord Finesse,The Beatnuts,Cocoa Brovaz,36066
political,Akir,underground hip-hop,Hip-Hop,196642,Poison Pen,Soul Purpose,The Lost Children of Babylon,28711
rap,Akon,rnb,Hip-Hop,23943722,Sean Kingston,Jay Sean,Iyaz,1923285
producer,The Alchemist,rap,Hip-Hop,1720161,Gangrene,Evidence,Sean Price,109712
underground hip-hop,Ali Vegas,new york,Hip-Hop,73292,Grafh,Agallah,Big Twins,7634
electronic,Alpha,downtempo,trip-hop,1982610,Kid Loco,Martina Topley-Bird,Lamb,220376
J-rock,Amadeus,japanese,visual kei,186930,Malice Mizer,Moi dix Mois,Velvet Eden,17172
west coast,AMG,Hip-Hop,rap,176559,2nd II None,Too $hort,Da Lench Mob,36479
new york,Amil,rap,Hip-Hop,24664,Charli Baltimore,Big Jaz,Young Gunz,5522
NA,NA,NA,NA,NA,NA,NA,NA,NA
hip hop,Ampichino,Bay Area,rap,42173,Killa Keise,Fed-X,The Mob Figaz,6622
seen live,Anderson .Paak,Hip-Hop,soul,1944008,Nxworries,BJ The Chicago Kid,Frank Ocean,83716
NA,NA,NA,NA,NA,NA,NA,NA,NA
Hip-Hop,Andre Nickatina,Bay Area,rap,3139730,Mac Dre,The Jacka,E-40,158386
christian hip-hop,Andy Mineo,christian,Hip-Hop,368640,KB,Lecrae,Trip Lee,22481
female vocalists,Angel Haze,rap,Hip-Hop,2513410,Nicki Minaj,Brooke Candy,Azealia Banks,139088
rnb,Angie Martinez,rap,Hip-Hop,159082,Charli Baltimore,Ms. Jade,"Lisa ""Left Eye"" Lopes",34487
Hip-Hop,ANT,indie,indie pop,106828,Agnes Kain,Tamas Wells,Pale Sunday,11103
Bay Area,Ant Banks,G-funk,West Coast Rap,128572,Spice 1,2nd II None,Above the Law,30651
metalcore,Antoinette,60s girls,60s,14083,Jackie Frisco,Barry St. John,Barbara Ruskin,4000
psychopathic,Anybody Killa,Horrorcore,juggalo,654979,2 Dope,DJ Clay,Violent J,80513
Hip-Hop,Apache,native american,rap,156729,Canserbero,Partybreaker,NoWay,17984
doom metal,Apathy,underground hip-hop,Hip-Hop,2161427,Celph Titled,Apathy & Celph Titled,The Demigodz,121116
NA,NA,NA,NA,NA,NA,NA,NA,NA
trap,A$AP Ferg,rap,Hip-Hop,4407587,A$AP Rocky,A$AP Mob,Travi$ Scott,196273
seen live,A$AP Nast,swag,Hip-Hop,13412,A$AP Twelvyy,A$ton Matthews,Curren$y & Smoke DZA,1798
underground hip-hop,A$AP Rocky,rap,Hip-Hop,33075370,A$AP Ferg,ScHoolboy Q,Travi$ Scott,768296
NA,NA,NA,NA,NA,NA,NA,NA,NA
underground hip-hop,Asher Roth,rap,Hip-Hop,6958685,Mac Miller,Chiddy Bang,The Cool Kids,693210
indie,Astronautalis,seen live,Hip-Hop,3432522,Sims,Doomtree,P.O.S.,77731
hip hop,AWOL ONE,underground hip-hop,Hip-Hop,148780,2Mex,Awol One & Factor,AWOL One & Daddy Kev,18872
hip hop,Awkwafina,Hip-Hop,rap,108144,JUNGLEPUSSY,Cakes Da Killa,Kitty,8537
new york,AZ,rap,Hip-Hop,3721441,Cormega,Nas,Masta Ace,331292
electronic,Azealia Banks,rap,Hip-Hop,18840710,Brooke Candy,M.I.A.,Nicki Minaj,486884
old school,Big Daddy Kane,rap,Hip-Hop,1727318,EPMD,Boogie Down Productions,Eric B. & Rakim,248150
hip hop,Busta Rhymes,rap,Hip-Hop,14496043,Redman,Xzibit,Method Man,1287574
rap,B-Legit,west coast,Bay Area,215824,Celly Cel,C-Bo,Ant Banks,45671
Latin Rap,B-Real,rap,Hip-Hop,767703,Cypress Hill,The Psycho Realm,WC,74792
Hip-Hop,B.G.,rap,Dirty South,825706,Juvenile,Big Tymers,C-Murder,196989
Hip-Hop,B.G. Knocc Out,G-funk,rap,17887,Big Prodeje,Tweedy Bird Loc,Dresta,1641
NA,NA,NA,NA,NA,NA,NA,NA,NA
rap,Baby Bash,rnb,Hip-Hop,2724595,Bow Wow,T-Pain,B2K,515659
rnb,Baby Boy Da Prince,Hip-Hop,rap,196628,Fat Joe feat. Lil Wayne,Baby Boy,2 Pistols,37613
electronic,Baby D,90s,dance,405031,Livin' Joy,JX,Alex Party,82582
West Coast Rap,Bad Azz,Gangsta Rap,rap,120073,Soopafly,Battlecat,Kurupt & J Wells,29595
hindi rap,Badshah,punjabi rap,Punjabi,13992,Jawad Ahmad,Diljit Dosanjh,Hardy Sandhu,2471
mine,baeza,cute,sexy,13268,Squirm G,DJ Chose,Trendsetter Sense,2749
rap,Bahamadia,hip hop,Hip-Hop,527921,MC Lyte,Black Moon,Brand Nubian,63676
NA,NA,NA,NA,NA,NA,NA,NA,NA
hip hop,Bangladesh,Hip-Hop,rap,32408,Maybach Music Group,Chinx Drugz,Ron Browz,3315
rap,Bas,hip hop,reggae,513054,J. Cole,Isaiah Rashad,Logic,47272
Gangsta Rap,Battlecat,rap,G-funk,75247,Bad Azz,Lil 1/2 Dead,Foesum,13471
hip hop,Beanie Sigel,rap,Hip-Hop,1674531,Memphis Bleek,Jadakiss,Freeway,329261
Hip-Hop,Becky G,female vocalists,pop,2131950,Cher Lloyd,G.R.L.,Zendaya,225248
jungle,Benny Blanco,Drum and bass,dnb,13338,Mencer,Lou Zgain,Ripshop,4523
hip hop,Benzino,rap,Hip-Hop,810298,Bobby Creekwater,Swifty McVay,Kuniva,352463
seen live,Big Boi,rap,Hip-Hop,8500251,Andre 3000,OutKast,Big K.R.I.T.,492215
NA,NA,NA,NA,NA,NA,NA,NA,NA
under 2000 listeners,Big Ed,hip hop,Hip-Hop,13163,MR. SERV-ON,Prime Suspects,Kane & Abel,1745
rap,Big Gipp,hip hop,Hip-Hop,38601,Witchdoctor,Cool Breeze,Slimm Calhoun,8936
H-Town,Big Hawk,rap,Dirty South,10222,A.B.N.,Swisha House,Swishahouse,1256
Southern Hip Hop,Big K.R.I.T.,rap,Hip-Hop,7512648,Curren$y,Jay Rock,Freddie Gibbs,430523
rap,Big Kuntry King,Hip-Hop,Dirty South,192925,Blood Raw,Young Dro & Yung LA,Yung Ralph,61670
Lungcore,Big Lurch,om nom nom,cannibal,29298,Lunasicc,Young Droop,X-Raided,2512
new york,Big L,rap,Hip-Hop,7578163,Big Punisher,Gang Starr,Mobb Deep,514424
Gangsta Rap,Big Mello,Houston,southern rap,93257,Big Pokey,Street Military,Guerilla Maab,20002
hip hop,Big Mike,rap,Hip-Hop,88151,Tela,5th Ward Boyz,Willie D,12222
Houston,Big Moe,Dirty South,rap,450153,Fat Pat,DJ Screw,Z-Ro,77833
new york,Big Noyd,rap,Hip-Hop,304194,Cormega,Tragedy Khadafi,Capone-N-Noreaga,44852
Hip-Hop,Big Pokey,rap,Dirty South,159577,H.A.W.K.,Guerilla Maab,Lil' O,39596
Justus League,Big Pooh,rap,Hip-Hop,67625,L.E.G.A.C.Y.,The Away Team,Chaundon,10793
NA,NA,NA,NA,NA,NA,NA,NA,NA
NA,NA,NA,NA,NA,NA,NA,NA,NA
rap,Big Scoob,underground hip-hop,Strange Music,234347,Cognito,Skatterman & Snug Brim,57th Street Rogue Dog Villians,52577
southern rap,Big Smo,rap,big smo,77676,Redneck Souljers,Bottleneck,Demun Jones,9816
hip hop,Big Sean,rap,Hip-Hop,15239486,Drake,Migos,J. Cole,1317654
gang starr foundation,Big Shug,rap,Hip-Hop,386316,Blaq Poet,7L & Esoteric,Ed O.G.,53536
West Coast Rap,Big Syke,Hip-Hop,rap,45825,Hussein Fatal,Kadafi,Stormey,5421
NA,NA,NA,NA,NA,NA,NA,NA,NA
underground rap,Billy Woods,rap,Hip-Hop,556756,Armand Hammer,Open Mike Eagle,Busdriver,16795
Dirty South,Birdman,rap,Hip-Hop,5293050,Lil' Wayne,Ace Hood,Young Jeezy,1055759
hip hop,Bishop Nehru,rap,Hip-Hop,264191,NehruvianDOOM,Pro Era,Capital STEEZ,19337
old school,Biz Markie,rap,Hip-Hop,1417968,Big Daddy Kane,Chubb Rock,EPMD,265340
detroit,Bizarre,Hip-Hop,rap,887680,Proof,D12,Ca$his,268233
Gangsta Rap,Bizzy Bone,rap,Hip-Hop,996676,Krayzie Bone,Bone Thugs-N-Harmony,Twista,137716
Neo-Soul,BJ The Chicago Kid,rnb,soul,817554,Anderson .Paak,Ro James,Musiq,94880
detroit,Black Milk,underground hip-hop,Hip-Hop,3671726,Elzhi,Little Brother,Slum Village,222237
hip hop,Black Rob,rap,Hip-Hop,411755,Jadakiss,Mase,Beanie Sigel,92068
rap,Black Thought,hip hop,Hip-Hop,101939,Kutmasta Kurt,Big Jaz,Dice Raw,19290
street lordz,Blade Icewood,detroit rap,detroit,23390,Street Lord'z,K-Doe aka K-Deezy,Big Herk,1679
rap,Blaq Poet,underground hip-hop,Hip-Hop,536701,Tragedy Khadafi,D.I.T.C.,Big Shug,58561
rap,Blaze Ya Dead Homie,juggalo,Horrorcore,782651,Twiztid,Dark Lotus,Insane Clown Posse,96297
Hip-Hop,Blood Raw,rap,Dirty South,366906,U.S.D.A.,Big Kuntry King,Triple C's,126021
chillout,Blu,rap,Hip-Hop,2921173,Blu & Exile,Johnson&Jonson,Elzhi,224251
NA,NA,NA,NA,NA,NA,NA,NA,NA
rap,Bobby Brackins,hip hop,Hip-Hop,312491,Dej Loaf,Rayven Justice,Kid Ink,73030
hip hop,Bobby Creekwater,Hip-Hop,rap,632196,Benzino,Swifty McVay,Kuniva,281002
hip hop,Bobby Shmurda,rap,Hip-Hop,730592,O.T. Genasis,K Camp,Rich Homie Quan,96353
rap,Bohemia,Czech,Progressive rock,45218,Modrý Efekt,Fermáta,Stromboli,3569
instrumental,Boi-1da,hip hop,Hip-Hop,1278,Just Blaze,Willie the Kid,Cool & Dre,114
Hip-Hop,Boldy James,rap,detroit,155138,Freddie Gibbs,Westside Gunn,Smoke DZA,10577
Crunk,Bone Crusher,Hip-Hop,rap,250664,David Banner,Lil' Flip,Petey Pablo,54634
rap francais,Booba,rap,french rap,2760605,Kaaris,Rohff,Gradur,70178
rap,Boondox,juggalo,Horrorcore,885735,Twiztid,Blaze Ya Dead Homie,Dark Lotus,93324
All,Boosie Badazz,Hip-Hop,rap,193975,Webbie,Yo Gotti,Kevin Gates,16599
detroit,Boss,Hip-Hop,rap,81616,The Lady of Rage,MC Lyte,Binary Star,15195
NA,NA,NA,NA,NA,NA,NA,NA,NA
underground hip-hop,Braille,rap,Hip-Hop,775275,Theory Hazit,Beautiful Eulogy,Common Market,62950
chicago,BrandUn Deshay,hip hop,rap,88968,H.O.P.E.,Fly Union,TiRon,9407
pop,Brianna Perry,hip hop,Hip-Hop,22485,Nyemiah Supreme,Lola Monroe,Brianna,2391
rap,Brisco,Dirty South,Hip-Hop,608370,Playaz Circle,Blood Raw,Triple C's,245278
Hip-Hop,Brotha Lynch Hung,Gangsta Rap,Horrorcore,2047619,Twisted Insane,Tech N9ne,Esham,190708
seen live,Brother Ali,underground hip-hop,Hip-Hop,5391865,Atmosphere,Grieves,Murs,246820
trap,Bryson Tiller,Hip-Hop,rnb,1918076,PARTYNEXTDOOR,Tory Lanez,Roy Woods,123552
Dirty South,Bubba Sparxxx,rap,Hip-Hop,1971982,Ying Yang Twins,Nappy Roots,Petey Pablo,237454
boot camp clik,Buckshot,underground hip-hop,Hip-Hop,143886,Boot Camp Clik,Heltah Skeltah,Black Moon,22090
producer,Buckwild,Hip-Hop,DITC,30326,Show & A.G.,A.G.,Ill Biskits,2147
new york,Bumpy Knuckles,Hip-Hop,rap,73790,Freddie Foxxx,Just-Ice feat. Big Daddy Kane,Smooth B,8774
rap,Bun B,Hip-Hop,Dirty South,3232872,Pimp C,Paul Wall,Z-Ro,488074
seen live,Busdriver,underground hip-hop,Hip-Hop,2980506,Open Mike Eagle,Milo,scallops hotel,152194
geto boys,Bushwick Bill,Gangsta Rap,Hip-Hop,113739,MC Ren,Geto Boys,Celly Cel,21396
hip hop,Busta Rhymes,rap,Hip-Hop,14496043,Redman,Xzibit,Method Man,1287574
NA,NA,NA,NA,NA,NA,NA,NA,NA
rap,Butch Cassidy,Hip-Hop,hip hop,17835,E-White,Bad Azz,Goldie Loc,3096
hip hop,Common,rap,Hip-Hop,22799879,The Roots,Lupe Fiasco,A Tribe Called Quest,1292574
Hip-Hop,C-Bo,rap,Gangsta Rap,366970,Celly Cel,Spice 1,B-Legit,62474
Dirty South,C-Murder,rap,Hip-Hop,361433,Silkk The Shocker,Master P,TRU,74702
Hip-Hop,C-Note,rap,southern rap,25617,H.A.W.K.,Big Pokey,Lil' O,6218
rap,C-Rayz Walz,underground hip-hop,Hip-Hop,578278,Mr. Lif,Murs,Homeboy Sandman,60301
Power metal,Cage,heavy metal,Hip-Hop,3790123,El-P,Aesop Rock,Camu Tao,145758
Dipset,Cam'ron,rap,Hip-Hop,6276644,The Diplomats,Juelz Santana,Clipse,739638
underground hip-hop,Canibus,rap,Hip-Hop,1694428,Ras Kass,Killah Priest,Chino XL,135139
rap,Capital STEEZ,underground hip-hop,Hip-Hop,417156,Pro Era,CJ FLY,Joey Bada$$,10979
Hip-Hop,Capone,rap,Drum and bass,248712,Sly Boogy,Dillinja,Total Science,46527
rap,Cappadonna,wu-tang,Hip-Hop,704414,Inspectah Deck,U-God,Masta Killa,96229
rap,Casey Veggies,ofwgkta,Hip-Hop,1074761,Dom Kennedy,Curren$y,Sir Michael Rocks,108472
Hip-Hop,Cash Out,detroit,detroit rap,59131,Rich Kidz,Tity Boi,"French Montana, Juicy J & Project Pat",11529
NA,NA,NA,NA,NA,NA,NA,NA,NA
juggalo,Caskey,rap,Hip-Hop,51866,Kevin Gates,French Montana,K Camp,2873
NA,NA,NA,NA,NA,NA,NA,NA,NA
east coast rap,Cassidy,rap,Hip-Hop,2342592,Fabolous,Jadakiss,Juelz Santana,462586
House,Cazwell,rap,dance,401267,RuPaul,Manila Luzon,The Young Professionals,27395
Hip-Hop,CeeLo Green,funk,soul,11259879,Gnarls Barkley,Robin Thicke,Aloe Blacc,854582
Hip-Hop,Cellski,Bay Area,rap,79266,Guce,Dubee,Bavgate,18007
rap,Celly Cel,G-funk,Bay Area,311542,C-Bo,B-Legit,Spice 1,62451
rap,Celph Titled,underground hip-hop,Hip-Hop,1228538,Apathy,Vinnie Paz,Army of the Pharaohs,75214
underground hip-hop,Cesar Comanche,hip hop,Hip-Hop,106088,L.E.G.A.C.Y.,Edgar Allen Floe,The Away Team,14385
turkish,Ceza,Turkish Rap,rap,680828,Sagopa Kajmer,Sansar Salvo,Mode XL,47207
Dirty South,Chamillionaire,Hip-Hop,rap,9543131,Slim Thug,Paul Wall,Stevie Stone,917047
hip hop,Chance the Rapper,rap,Hip-Hop,11019264,Donnie Trumpet & The Social Experiment,Kanye West,NoName,242894
r&b,Chanel West Coast,Hip-Hop,pop,99371,Honey Cocaine,Lil Debbie,Brooke Candy,6876
solo,Channel 7,jazz,seen live,3630,Harry-O,Andi Vax & Dj Romantic & Erik,Apples Montgomery,459
swedish,Charizma,Hip-Hop,hard rock,114044,Peanut Butter Wolf,Edan,Del Tha Funkee Homosapien,16148
new york,Charles Hamilton,rap,Hip-Hop,2203541,Mickey Factz,Blu,XV,298199
hip hop,Charli Baltimore,rap,Hip-Hop,69750,Jacki-O,Ms. Jade,Amil,18130
seen live,Chevy Woods,rap,Hip-Hop,256681,Wiz Khalifa,Juicy J,Tyga,15922
underground hip-hop,Chi Ali,hip hop,Hip-Hop,7008,Cookie Crew,Truck Turner,D&D Allstars,1835
electronic,Chiddy Bang,rap,Hip-Hop,9226635,Hoodie Allen,Sammy Adams,B.o.B,751190
drill,Chief Keef,rap,Hip-Hop,4775490,Fredo Santana,Lil Reese,Lil Durk,214660
seen live,Childish Gambino,rap,Hip-Hop,35223398,Kendrick Lamar,Chance the Rapper,J. Cole,638113
hip hop,Chill Rob G,rap,Hip-Hop,23033,K-Solo,Latee,Super Lover Cee & Casanova Rud,5242
NA,NA,NA,NA,NA,NA,NA,NA,NA
texas,Chingo Bling,Hip-Hop,rap,190593,South Park Mexican,MC MAGIC,Big Tuck,40876
hip hop,Chino XL,rap,Hip-Hop,522745,Ras Kass,Canibus,Copywrite,46190
hip hop,Chinx,rap,Hip-Hop,104996,French Montana,Vado,K Camp,16206
UK,Chip,rap,Grime,131738,Yungen,Ghetts,Bugzy Malone,16958
acid house,Choice,Acid,techno,33734,Steve Poindexter,Larry Heard Presents Mr. White,Ecstasy Club,8540
american,Choppa,USA,choppa,14070,Amaryoni,Shaluza Max,Baby Boy Da Prince,3708
Chris Brown,Chris Brown,Hip-Hop,rnb,43664150,Chris Brown & Tyga,Trey Songz,August Alsina,2503891
underground hip-hop,Chris Webby,rap,Hip-Hop,1002151,Futuristic,Cam Meekins,Jarren Benton,66567
seen live,Christopher Martin,dancehall,reggae,130005,Romain Virgo,Busy Signal,Konshens,23817
NA,NA,NA,NA,NA,NA,NA,NA,NA
rap,Chubb Rock,old school,Hip-Hop,240847,Biz Markie,Big Daddy Kane,Nice & Smooth,58809
underground hip-hop,CJ FLY,rap,Hip-Hop,112077,Capital STEEZ,Pro Era,Joey Bada$$,7175
NA,NA,NA,NA,NA,NA,NA,NA,NA
NA,NA,NA,NA,NA,NA,NA,NA,NA
rap,Classified,Canadian,Hip-Hop,2069290,Bliss n Eso,Common Market,Sweatshop Union,141842
Mixtape DJ,Clinton Sparks,rap,Hip-Hop,290682,Jump Smokers,DJ Kay Slay,Re-Up Gang,36440
hip hop,Clyde Carson,Bay Area,rap,349660,Problem,Iamsu!,Philthy Rich,71054
Above the Law,COLD 187um,psychopathic,west coast,9249,Big Hutch,Legz Diamond & the Purple Gang,Daddy V,701
NA,NA,NA,NA,NA,NA,NA,NA,NA
rap,Consequence,Drum and bass,Hip-Hop,1516376,Instra:mental,dBridge,ASC,299926
Atlanta Underground,Cool Breeze,Hip-Hop,dungeon family,62390,Witchdoctor,Big Gipp,Slimm Calhoun,15154
old school,Cool C,rap,Hip-Hop,13626,Three Times Dope,Steady B,Dana Dane,3906
hip hop,Coolio,Hip-Hop,rap,4592986,Luniz,Naughty By Nature,Kris Kross,792676
rap,Copywrite,underground hip-hop,Hip-Hop,643087,Chino XL,Apathy,louis logic,64287
east coast rap,Cormega,rap,Hip-Hop,1701267,AZ,Big Noyd,O.C.,154165
new york,Cory Gunz,East Coast,Hip-Hop,278090,Jae Millz,Stack Bundles,J.R. Writer,72593
NA,NA,NA,NA,NA,NA,NA,NA,NA
hip hop,Count Bass D,underground hip-hop,Hip-Hop,1091007,J. Rawls,Jazz Spastiks,Monsta Island Czars,64239
political,The Coup,rap,Hip-Hop,1746859,Haftbefehl,Hanybal,Gzuz,110816
hip hop,Craig Mack,rap,Hip-Hop,471376,Naughty By Nature,Rakim,Junior M.A.F.I.A.,99513
H-Town,Crime Boss,Dirty South,Gangsta Rap,20903,Mr. Mike,K.B. & Lil' Flea,20-2-Life,3384
rap,Criminal Manne,Hip-Hop,memphis,93606,Mr. Sche,Gangsta Blac,T-Rock,14921
Gangsta Rap,Crooked I,rap,Hip-Hop,969428,Slaughterhouse,Joe Budden,Joell Ortiz,127886
NA,NA,NA,NA,NA,NA,NA,NA,NA
NA,NA,NA,NA,NA,NA,NA,NA,NA
NA,NA,NA,NA,NA,NA,NA,NA,NA
Dirty South,CyHi The Prynce,Hip-Hop,rap,302613,Big K.R.I.T.,Pusha T,Curren$y,12544
underground hip-hop,Del Tha Funkee Homosapien,rap,Hip-Hop,5356307,Hieroglyphics,Deltron 3030,Souls of Mischief,369493
Gangsta Rap,Dr. Dre,rap,Hip-Hop,35653917,Snoop Dogg,The Game,Ice Cube,2209478
Eminem,Eminem,Hip-Hop,rap,176446274,D12,Bad Meets Evil,Stat Quo,4267714
rnb,D'Angelo,Neo-Soul,soul,9451624,D'Angelo and The Vanguard,Erykah Badu,Bilal,601544
african,D'Banj,nigeria,naija,224518,Wizkid,Olamide,Davido,37793
hip hop,D-Loc,rap,Hip-Hop,101832,Johnny Richter,DGAF,Daddy X,17822
old school,D-Nice,rap,Hip-Hop,46928,K-Solo,Dana Dane,Mc Serch,12373
canada,D-Pryde,rap,Hip-Hop,229083,TraPhik,Dumbfoundead & DJ Zo,Wax and EOM,6768
Gangsta Rap,The D.O.C.,rap,Hip-Hop,565433,MC Ren,Above the Law,Eazy-E,122695
female vocalists,Da Brat,rap,Hip-Hop,349833,Foxy Brown,MC Lyte,Lil' Kim,80985
rap,Da$H,underground hip-hop,Hip-Hop,144242,Joey Fatts,Robb Bank$,Da$h & Retch,6568
NA,NA,NA,NA,NA,NA,NA,NA,NA
hip hop,Daddy-O,east coast rap,Hip-Hop,2784,Private Investigators,Rough House Survivers,K-Solo,400
underground hip-hop,Damu The Fudgemunk,Hip-Hop,instrumental hip-hop,1785152,K-Def,Y Society,Klaus Layer,65914
indie,Dan Bull,Hip-Hop,rap,672672,Epic Rap Battles Of History,Watsky,Hopsin,28503
rap,Dana Dane,old school,Hip-Hop,39589,UTFO,Doug E. Fresh & The Get Fresh Crew,Whistle,11429
rnb,Danny Boy,rap,Hip-Hop,42678,Jodeci,H-Town,LL Cool J,9416
underground hip-hop,Danny Brown,rap,Hip-Hop,14863175,ScHoolboy Q,Vince Staples,Death Grips,341664
rnb,Dappy,british,rap,481295,N-Dubz,Ironik,Tinchy Stryder,43246
new york,Dave East,rap,Hip-Hop,118730,Fabolous,Styles P,The Lox,12667
underground hip-hop,Daveed Diggs,rap,Hip-Hop,174914,clipping.,K'naan,Dessa,16493
Dirty South,David Banner,Hip-Hop,rap,2148822,Dem Franchize Boyz,Mike Jones,YoungBloodz,412737
New Zealand,David Dallas,hip hop,rap,326591,Hilltop Hoods,@peace,PNC,27305
Electro-Hop,David Rush,rap,Hip-Hop,275920,Jump Smokers,DJ Class,Three 6 Mafia vs. Tiësto with Sean Kingston and Flo Rida,69415
NA,NA,NA,NA,NA,NA,NA,NA,NA
Hip-Hop,Daz Dillinger,Gangsta Rap,rap,906399,Tha Dogg Pound,Kurupt,WC,168317
rap,Dazzie Dee,West Coast Rap,G-funk,20253,I Smooth 7,I.F.A.,Vontel,752
NA,NA,NA,NA,NA,NA,NA,NA,NA
rap,Def Jef,hip hop,Hip-Hop,23954,Kwame,Chill Rob G,Lakim Shabazz,5899
rap,Dej Loaf,hip hop,Hip-Hop,533264,K Camp,Rich Homie Quan,Fetty Wap,77884
NA,NA,NA,NA,NA,NA,NA,NA,NA
rap,Demrick,seen live,Hip-Hop,51965,Demrick & Cali Cleve,Mark Battles,Dizzy Wright,6104
rap,Deniro Farrar,cloud rap,Hip-Hop,248637,Blue Sky Black Death & Nacho Picasso,Nacho Picasso,Robb Bank$,12193
Southern Hip Hop,Denzel Curry,rap,Hip-Hop,1984313,Flatbush ZOMBiES,The Underachievers,Pouya,66714
seen live,Derek Minor,Christian Rap,Hip-Hop,80165,Tedashii,KB,Trip Lee,4769
hip hop,Desiigner,Hip-Hop,rap,1770743,Travi$ Scott,Lil Yachty,LIL UZI VERT,194811
jazz,Detail,Hip-Hop,Drum and bass,66813,Split Second,Optiv & CZA,Keeno & Whiney,15727
rap,Deuce,hip hop,rapcore,1683620,Hollywood Undead,Manafest,Richy Nix,95751
female vocalists,Dev,pop,electronic,5943388,The Cataracs,Natalia Kills,Havana Brown,549163
Dirty South,Devin the Dude,rap,Hip-Hop,3031757,UGK,Scarface,Z-Ro,170948
UK,Devlin,Hip-Hop,Grime,1785700,Ghetts,Professor Green,Wiley,189027
underground hip-hop,Diabolic,Hip-Hop,death metal,554274,Vinnie Paz,Apathy & Celph Titled,Army of the Pharaohs,42062
hip hop,Diamond,Hip-Hop,rap,340522,Trina,Lil' Kim,Shawnna,54395
DITC,Diamond D,rap,Hip-Hop,395587,Boot Camp Clik,Showbiz & A.G.,Lord Finesse,48039
diggy,Diggy Simmons,rap,Hip-Hop,139922,Diggy,Cyhi Da Prynce,Donnis,11116
hip hop,Dillon Cooper,rap,Hip-Hop,125848,Flatbush ZOMBiES,The Underachievers,CJ FLY,8994
booty bass,Disco D,electro,ghettotech,44559,DJ Nasty,DJ Slugo,Starski and Clutch,6245
NA,NA,NA,NA,NA,NA,NA,NA,NA
seen live,Dizzee Rascal,Hip-Hop,Grime,12008402,Wiley,JME,Kano,724213
funk volume,Dizzy Wright,rap,Hip-Hop,601204,Jarren Benton,Hopsin,Futuristic,39828
NA,NA,NA,NA,NA,NA,NA,NA,NA
Hip-Hop,DJ Cash Money,hip hop,seen live,8445,L'Trimm,A.D.O.R.,MC Shy D,652
rap,DJ Casper,trance,dance,94031,Fast Food Rockers,Eyeopener,Pascal feat. Karen Parry,26264
rap,DJ Clay,Horrorcore,juggalo,372614,Mike E. Clark,2 Dope,Jumpsteady,63980
new york,DJ Clue?,Hip-Hop,rap,21580,DJ Kay Slay,Amil,Drag-On,2760
Dirty South,DJ Drama,rap,Hip-Hop,1088708,DJ Khaled,French Montana,2 Chainz,190030
dj,DJ Felli Fel,rap,Hip-Hop,501721,Ying Yang Twins,Lil Scrappy,Baby Bash,118582
NA,NA,NA,NA,NA,NA,NA,NA,NA
techno,Dj Fuze,rap,electronic,642,Ultimate Buzz,"Smacs, Patrick Kong",groovik & technida project,167
rap,DJ Green Lantern,hip hop,Hip-Hop,219374,"Gostfase, M. Shinoda and Lupe Fiasco",DJ Kay Slay,D-Block,33784
turntablism,DJ Head,rap,Hip-Hop,316,Big Gov,Mersonary Killaz,Rico Fonzarelli,97
funk,DJ Hurricane,seen live,Hip-Hop,9765,Zeb Roc Ski,D-Nice,Ultimate Force,2080
Mixtape DJ,DJ Kay Slay,rap,Hip-Hop,117334,J.R. Writer,Willie the Kid,Styles P And DJ Green Lantern,16665
hip hop,DJ Khaled,rap,Hip-Hop,7909387,DJ Drama,French Montana,Meek Mill,922579
Hip-Hop,DJ Krush,electronic,trip-hop,11623888,DJ Krush & Toshinori Kondo,DJ Cam,DJ Shadow,540578
west coast,DJ Mustard,rap,Hip-Hop,519138,Ty Dolla $ign,YG,DJ Khaled,75771
rap,DJ Paul,hardcore,Hip-Hop,637781,Da Mafia 6ix,Project Pat,Three 6 Mafia,93485
G-funk,DJ Pooh,Gangsta Rap,West Coast Rap,11557,Daddy V,Watts Gangstas,I Smooth 7,1601
producer,DJ Premier,turntablism,Hip-Hop,1702293,DJ Jazzy Jeff,PRhyme,Pete Rock,135087
rap,DJ Quik,Hip-Hop,G-funk,2275900,Tha Dogg Pound,Kurupt,Suga Free,217779
Dirty South,DJ Screw,screw,Hip-Hop,1183380,Fat Pat,Big Moe,Three 6 Mafia,79641
Hip-Hop,DJ Shadow,electronic,trip-hop,33101942,DJ Shadow & Cut Chemist,DJ Krush,UNKLE,1221837
NA,NA,NA,NA,NA,NA,NA,NA,NA
NA,NA,NA,NA,NA,NA,NA,NA,NA
rap,Doap Nixon,underground hip-hop,Hip-Hop,258317,King Syze,Randam Luck,King Magnetic,23282
Dirty South,Doe B,rap,Hip-Hop,83088,Yo Gotti,Young Dro,Kevin Gates,7437
rap,Dok2,Hip-Hop,Korean,419918,The Quiett,Illionaire Records,Beenzino,11400
rnb,Dolla,Hip-Hop,rap,285276,Drew Sidora,Yung Joc feat. 3LW,Drew Sidora Feat. Mario,55537
west coast,Dom Kennedy,rap,Hip-Hop,2498232,Curren$y,Casey Veggies,Nipsey Hussle,272146
Hip-Hop,Dominique Young Unique,rap,seen live,212180,Rye Rye,Khia,Trina,24808
hip hop,Domino,rap,eurobeat,671214,dom!No,Virginelle,Cherry,64209
rap,Domo Genesis,ofwgkta,Hip-Hop,1758886,Domo Genesis X Alchemist,MellowHype,Hodgy Beats,98658
NA,NA,NA,NA,NA,NA,NA,NA,NA
rap,Donnis,hip hop,Hip-Hop,747759,U-N-I,TiRon,GLC,200091
southern rap,Dorrough,rap,Hip-Hop,649026,Yung Joc,Gorilla Zoe,Plies,199315
anticon,Doseone,experimental,Hip-Hop,333017,Subtle,Themselves,Sole,17732
rap,Doug E. Fresh,old school,Hip-Hop,111530,MC Lyte,Slick Rick,Kool Moe Dee,33549
rap,Doughbeezy,hip hop,texas,9200,Killa Kyleon,Cory Mo,Propain,876
Gangsta Rap,Dr. Dre,rap,Hip-Hop,35653917,Snoop Dogg,The Game,Ice Cube,2209478
Ruff ryders,Drag-On,Hip-Hop,rap,196541,Styles,D-Block,J-HOOD,43523
rnb,Drake,rap,Hip-Hop,107372559,Big Sean,PARTYNEXTDOOR,Future,3102269
rap,dRes,underground hip-hop,Hip-Hop,10380,DTMD,Boogiemonsters,Small Professor,1854
Hip-Hop,Dresta,rap,west coast,4400,B.G. Knocc Out,Lil Eazy-E,Fo' Clips Eclipse,541
Traxamillion,Drew Deezy,thai,hip hop,7858,"Thai, Drew Deezy & Nump Trump",NUMP Trump,"Thai, Traxamillion & Drew Deezy",1567
underground hip hop,Driicky Graham,rap,hip hop,103968,LoveRance,Finatticz,Yc,21250
Hip-Hop,Droop-E,producer,rap,35810,Emp Dasme,Cousin Fik,Western Tink,5295
Bay Area,Dru Down,rap,G-funk,214030,Celly Cel,Spice 1,C-Bo,40119
southern rap,Drumma Boy,rap,Hip-Hop,38490,Kristyle,Slim Dunkin & D-Bo,Lil Lody,3599
rap,Dumbfoundead,underground hip-hop,Hip-Hop,971653,Wax,Epik High,Pouya,34942
nigeria,Duncan Mighty,african,naijasoundz,26360,eLDee,Sound Sultan,Wande Coal,3563
hip hop,Eve,rap,Hip-Hop,2902927,Lil' Kim,Foxy Brown,Blu Cantrell,464936
hyphy,E-40,Hip-Hop,rap,3033616,Too $hort,Mac Dre,The Jacka,253809
NA,NA,NA,NA,NA,NA,NA,NA,NA
Houston,E.S.G.,rap,Dirty South,253969,Fat Pat,Big Moe,DJ Screw,39452
ofwgkta,Earl Sweatshirt,rap,Hip-Hop,13511953,"Tyler, the Creator",Vince Staples,OFWGKTA,286947
rap,Easy Mo Bee,Hip-Hop,underground hip-hop,14779,Smoothe Da Hustler,KRUMB SNATCHA,Freddie Foxxx,2121
Gangsta Rap,Eazy-E,Hip-Hop,rap,4713099,N.W.A,Ice Cube,MC Ren,605117
boston,Ed O.G.,rap,Hip-Hop,416707,Godfather Don,Ed O.G. & Da Bulldogs,Big Shug,48014
NA,NA,NA,NA,NA,NA,NA,NA,NA
underground hip-hop,El Da Sensei,rap,Hip-Hop,293442,Artifacts,Ed O.G.,Large Professor,30621
hip hop,El-P,underground hip-hop,Hip-Hop,6701014,Company Flow,Killer Mike,Aesop Rock,280860
ragga,Elephant Man,reggae,dancehall,1730978,Beenie Man,Busy Signal,Bounty Killer,220556
underground hip-hop,Elzhi,detroit,Hip-Hop,1892085,"Royce da 5'9""",Black Milk,Skyzoo,139978
2pac,Emcee N.I.C.E.,Redman,rakim,74,2Pac/Outlawz,mc toshi,2pac ft b.i.g.,14
NA,NA,NA,NA,NA,NA,NA,NA,NA
sxsw 2015,Eric Biddines,SXSW 2014,florida,7821,Moses Boyd Exodus,Dem Yuut,Particle Devotion,2142
hip hop,Erick Sermon,rap,Hip-Hop,781804,Keith Murray,EPMD,Redman,107371
hip hop,Eric Stanley,Classical,violin,24024,pyrofiliac,Peter Lee Johnson,Jimmy Chaos,1395
rap,Esham,acid rap,Horrorcore,917847,Blaze Ya Dead Homie,Twiztid,Dark Lotus,81286
funeral doom,Esoteric,funeral doom metal,doom metal,1129511,Evoken,Skepticism,Tyranny,51261
hip hop,Eve,rap,Hip-Hop,2902927,Lil' Kim,Foxy Brown,Blu Cantrell,464936
underground hip-hop,Evidence,rap,Hip-Hop,3819896,Dilated Peoples,Step Brothers,The Alchemist,146702
rhymesayers,Eyedea,underground hip-hop,Hip-Hop,610922,Eyedea & Abilities,Kristoff Krane,Oliver Hart,61873
wu-tang,Ghostface Killah,rap,Hip-Hop,13990662,Raekwon,GZA/Genius,Cappadonna,586468
hip hop,Fabolous,rap,Hip-Hop,11252784,Jadakiss,Lloyd Banks,French Montana,1480995
Hip-Hop,Fabri Fibra,italian,rap,1331817,Marracash,Club Dogo,Salmo,45967
hip hop,Fam-Lay,rap,Hip-Hop,103835,Rosco P. Coldchain,Philly's Most Wanted,Pharrell & The Yessirs,30179
rap,Fashawn,underground hip-hop,Hip-Hop,1988012,Blu & Exile,Blu,Elzhi,166825
hip hop,Fat Joe,Hip-Hop,rap,4373923,The Lox,Big Punisher,DJ Drama,674562
Houston,Fat Pat,Dirty South,rap,361641,E.S.G.,Lil Keke,DJ Screw,72913
Hip-Hop,Fat Trel,trap,rap,207338,Shy Glizzy,Que,King Louie,19708
NA,NA,NA,NA,NA,NA,NA,NA,NA
new jack swing,Father MC,rnb,Hip-Hop,70477,Teddy Riley,Chuckii Booker,Tracie Spencer,20032
hip hop,Fatman Scoop,rap,Hip-Hop,434088,Eve,Flo Rida,Lethal Bizzle,94800
female vocalists,Fergie,rnb,pop,18689978,The Pussycat Dolls,Black Eyed Peas,Britney Spears,1713293
trap,Fetty Wap,rap,Hip-Hop,3744263,Rich Homie Quan,Ty Dolla $ign,Kid Ink,288261
rap,Fiend,black metal,Melodic Death Metal,230981,The Unguided,Rise to Fall,Dreamshade,23297
seen live,Flame,Drum and bass,black metal,495964,Tedashii,Trip Lee,Lecrae,42637
rap,Flavor Flav,old school,Hip-Hop,34119,The Trak Kartel,DJ Premier & Bumpy Knuckles,Trump,8178
highlife,Flavour N'abania,nigerian,afrobeat,1163,Flavour,Ice Prince,J. Martins,223
hip hop,Flo Rida,rap,Hip-Hop,30377174,Pitbull,Taio Cruz,Sean Kingston,2021644
Hip-Hop,Flying Lotus,experimental,electronic,41181502,Teebs,Samiyam,J Dilla,696234
rap,Focus...,hip hop,Hip-Hop,21018,Co$$,Freeway & Statik Selektah,Bishop Lamont & Black Milk,1634
alternative,Fonzworth Bentley,hip hop,Hip-Hop,85988,GLC,Donnis,Child Rebel Soldier,26443
alternative,Fort Minor,rap,Hip-Hop,21003203,Jay-Z and Linkin Park,Styles of Beyond,Flipsyde,1192244
Hip-Hop,Foxx,louisiana,rap,235740,Lil Boosie and Webbie,Soulja Slim,Blood Raw,70170
female vocalists,Foxy Brown,rap,Hip-Hop,1178885,Lil' Kim,Remy Ma,Trina,211957
Hip-Hop,Frank Ocean,soul,rnb,50795317,Kanye West,Solange,PARTYNEXTDOOR,1018579
Hip-Hop,Frankie J,pop,rnb,1627749,Mario Vazquez,Mario,Paula DeAnda,232774
memphis rap,Frayser Boy,Hip-Hop,rap,395900,Prophet Posse,Indo G,Crunchy Black,75164
hip hop,Freak Nasty,Hip-Hop,rap,153864,2 Live Crew,69 Boyz,DJ Kool,47986
NA,NA,NA,NA,NA,NA,NA,NA,NA
rap,Freddie Foxxx,underground hip-hop,Hip-Hop,166308,Bumpy Knuckles,NYGz,Sauce Money,21016
Gangsta Rap,Freddie Gibbs,rap,Hip-Hop,5801264,Freddie Gibbs & Madlib,Jay Rock,Big K.R.I.T.,220211
Hip-Hop,Fredo Santana,trap,drill,457657,Lil Reese,Chief Keef,Lil Durk,23959
Gangsta Rap,Fredro Starr,rap,Hip-Hop,110103,SONNY SEEZA,X-2-C,PMD,9972
producer,Fredwreck,funk,rap,3380,KNOC-TURN'AL,League Of Starz,Bad Lucc,849
rock,Free,blues rock,classic rock,4886500,Bad Company,Humble Pie,Ten Years After,584033
Hip-Hop,Freekey Zekey,Dipset,rap,145169,40 Cal.,Hell Rell,A-Mafia,41404
hip hop,Freeway,rap,Hip-Hop,1459668,Beanie Sigel,Jadakiss,Memphis Bleek,248622
hip hop,French Montana,rap,Hip-Hop,3615563,Meek Mill,2 Chainz,DJ Khaled,409784
NA,NA,NA,NA,NA,NA,NA,NA,NA
juggalo,Fresh Kid Ice,miami,rap,1897,Anybody Killa,JT Money,Violent J,511
hip hop,Froggy Fresh,rap,Hip-Hop,74463,Billy the Fridge,SwizZz,demoz,6273
electronic,Frost,Progressive rock,black metal,656412,Frost*,Spock's Beard,Neal Morse,56062
Hip-Hop,Full Blooded,power electronics,noise,1775,Big Ed,Deterge,MJG,250
turntablism,Funkmaster Flex,rap,Hip-Hop,264410,Slum Village,Proof,Das EFX,40873
Dirty South,Future,rap,Hip-Hop,12412099,Young Thug,Migos,Gucci Mane,487550
old school rap,Grandmaster Caz,rap,Hip-Hop,16706,Fantastic Freaks,Fab 5 Freddy,Busy Bee,4533
rap,Grandmaster Flash,old school,Hip-Hop,868827,Grandmaster Flash and The Furious Five,The Sugarhill Gang,Kurtis Blow,162920
NA,NA,NA,NA,NA,NA,NA,NA,NA
hip hop,G-Eazy,rap,Hip-Hop,6112930,Skizzy Mars,Logic,Hoodie Allen,341475
East Coast,G. Dep,rap,Hip-Hop,72096,Drag-On,Young Gunz,Peedi Crakk,15057
music,Gaeko,Korean,hip hop,36637,Yankie,Rhythm Power,Peejay,3391
Gangsta Rap,The Game,Hip-Hop,rap,27758609,Jay Rock,Rick Ross,Lloyd Banks,1948869
Hip-Hop,Gangsta Blac,memphis rap,memphis,80820,Playa Fly,The Kaze,Manson Family,12910
hip hop,Gangsta Boo,Hip-Hop,rap,295567,Evil Pimp,Three 6 Mafia,DJ Paul,56169
NA,NA,NA,NA,NA,NA,NA,NA,NA
indie,Gary,german,seen live,107079,Slut,Locas In Love,Angelika Express,11251
croatian,General Woo,Hip-Hop,rap,55337,Tram 11,El Bahattee,Blackout Project,1474
NA,NA,NA,NA,NA,NA,NA,NA,NA
UK hip hop,Giggs,rap,Grime,875843,Chip,Kano,Wretch 32,108796
NA,NA,NA,NA,NA,NA,NA,NA,NA
Hip-Hop,Glasses Malone,rap,west coast,205572,Red Cafe,The Game,Chinx,43248
chicago,GLC,underground hip-hop,Hip-Hop,249638,Fonzworth Bentley,U-N-I,Donnis,86346
Hip-Hop,Goldie Loc,West Coast Rap,G-funk,26417,Bad Azz,Soopafly,Battlecat,4731
Crunk,Gorilla Zoe,Hip-Hop,rap,3147872,Boyz N Da Hood,Yung Joc,Lil Scrappy,601601
hip hop,Grafh,rap,Hip-Hop,143419,Stack Bundles,J-HOOD,Hell Rell,23871
hip hop,Grand Puba,rap,Hip-Hop,451593,Brand Nubian,Keith Murray,Black Moon,61910
old school rap,Grandmaster Caz,rap,Hip-Hop,16706,Fantastic Freaks,Fab 5 Freddy,Busy Bee,4533
NA,NA,NA,NA,NA,NA,NA,NA,NA
rap,Greydon Square,atheism,Hip-Hop,244682,Gripp,TOMBSTONE DA DEADMAN,Input,5376
rap,Grieves,underground hip-hop,Hip-Hop,2995118,Atmosphere,Brother Ali,Eyedea & Abilities,108869
Dirty South,Gucci Mane,rap,Hip-Hop,13630144,Future,2 Chainz,Chief Keef,1114634
rap,Gudda Gudda,young money,Hip-Hop,1617069,Jae Millz,Lil Twist,Triple C's,472502
west coast,Guerilla Black,rap,Hip-Hop,145808,Young Gunz,KNOC-TURN'AL,Lil' Zane,24296
underground hip-hop,Guilty Simpson,Stones throw,Hip-Hop,1471974,Sean Price,Black Milk,Random Axe,117790
trap,Gunplay,rap,Hip-Hop,439139,Rick Ross,Waka Flocka Flame,Fat Trel,51293
NA,NA,NA,NA,NA,NA,NA,NA,NA
NA,NA,NA,NA,NA,NA,NA,NA,NA
NA,NA,NA,NA,NA,NA,NA,NA,NA
Desi Hip Hop,Hard Kaur,Bhangra,Indian,29552,Anushka Manchanda,Salim Merchant,Tochi Raina,5459
rap,Hasan Salaam,hip hop,Hip-Hop,46653,Akir,Mohammad Dangerfield,The Lost Children of Babylon,2991
hip hop,Havoc,rap,Hip-Hop,417063,Prodigy of Mobb Deep,The Alchemist,Mobb Deep,65444
rnb,Heavy D,rap,Hip-Hop,90572,Heavy D & The Boyz,MC Lyte,Whodini,16209
american,Hemlock Ernst,rap,Hip-Hop,5515,Chimurenga Renaissance,Milo,Uncommon Nasa,507
compton,Hi-C,Hip-Hop,rap,55187,Mausberg,Battlecat,Lil 1/2 Dead,11195
underground hip-hop,Hi-Tek,rap,Hip-Hop,1349275,Reflection Eternal,Little Brother,Talib Kweli,141223
seen live,Hit-Boy,rap,Hip-Hop,157217,HS87,Casey Veggies,Audio Push,10782
US Power Metal,Hittman,heavy metal,Power metal,36827,Titan Force,Apollo Ra,Exxplorer,3647
rap,Hodgy Beats,ofwgkta,Hip-Hop,1211795,MellowHype,Mike G,Domo Genesis,56205
hip hop,Honey Cocaine,rap,Hip-Hop,306596,Lil Debbie,Snow Tha Product,Chanel West Coast,15149
rap,Hoodie Allen,alternative rap,Hip-Hop,4906783,OCD: Moosh & Twist,Skizzy Mars,G-Eazy,272659
rap,Hopsin,underground hip-hop,Hip-Hop,2803548,Tech N9ne,Jarren Benton,Dizzy Wright,160606
Dirty South,Hot Dollar,rap,Hip-Hop,33539,2 Pistols,Ya Boy,Yung Berg,4847
hip hop,Huey,Hip-Hop,rap,617595,Unk,Dem Franchize Boyz,Jibbs,189766
Dirty South,Hurricane Chris,Hip-Hop,rap,896440,Dem Franchize Boyz,Unk,Yung Joc,253194
Hip-Hop,Hurricane G,hip hop,rap,10021,PMD,Thirstin Howl III,Kurious,1843
Gangsta Rap,Hush,rap,Hip-Hop,493848,Suni Clay,Styles of Beyond,Sly Boogy,74164
Hip-Hop,Hussein Fatal,Gangsta Rap,rap,39636,HARDTIMERZ,Big Syke,Young Noble,4668
Gangsta Rap,Ice Cube,Hip-Hop,rap,18132312,Eazy-E,N.W.A,Westside Connection,1434991
Dirty South,I-20,Hip-Hop,rap,102629,Dirtbag,8 Ball,Black Child,29392
san francisco,Iamsu!,rap,Hip-Hop,469748,Problem,Philthy Rich,Clyde Carson,37810
NA,NA,NA,NA,NA,NA,NA,NA,NA
rap,Ice-T,Gangsta Rap,Hip-Hop,1650215,MC Ren,Above the Law,The D.O.C.,196336
pop,Iggy Azalea,rap,Hip-Hop,19797348,Nicki Minaj,Brooke Candy,Fergie,619937
NA,NA,NA,NA,NA,NA,NA,NA,NA
underground hip-hop,Ill Bill,rap,Hip-Hop,2979103,Necro,La Coka Nostra,Slaine,168776
instrumental,Illmind,hip hop,Hip-Hop,74754,Dessa,K'naan,Daveed Diggs,10818
rap,iLoveMakonnen,seen live,Hip-Hop,580963,Father,Young Thug,Chief Keef,61286
underground hip-hop,Immortal Technique,rap,Hip-Hop,10834344,Jedi Mind Tricks,Army of the Pharaohs,Vinnie Paz,473906
desi,Imran Khan,Punjabi,Bhangra,254040,Mika Singh,Diljit Dosanjh,Bilal Saeed,13374
memphis,Indo G,Hip-Hop,rap,124096,Prophet Posse,The Kaze,Crunchy Black,31407
rap,Inspectah Deck,wu-tang,Hip-Hop,1146510,Masta Killa,Cappadonna,U-God,138860
underground hip-hop,Isaiah Rashad,rap,Hip-Hop,3384840,Mick Jenkins,ScHoolboy Q,Ab-Soul,93865
afropop,Iyanya,africa,nigeria,72553,Timaya,Davido,P-Square,6849
pop,Iyaz,Hip-Hop,rnb,4225479,Sean Kingston,Jay Sean,Taio Cruz,665924
hip hop,Jay-Z,rap,Hip-Hop,81268327,Nas,Jay-Z & Kanye West,Kanye West,3071840
hip hop,Kanye West,rap,Hip-Hop,194274941,Jay-Z & Kanye West,Kendrick Lamar,Drake,4149941
seen live,Kendrick Lamar,rap,Hip-Hop,66370601,Joey Bada$$,Kanye West,J. Cole,1167852
hip hop,KRS-One,rap,Hip-Hop,5300209,Boogie Down Productions,Rakim,EPMD,481266
underground hip-hop,J Dilla,instrumental hip-hop,Hip-Hop,23942718,Jaylib,Madlib,Slum Village,497704
West Coast Rap,J-Diggs,hyphy,Bay Area,157611,Bavgate,Husalah,Beeda Weeda,32878
hip hop,J-Kwon,Hip-Hop,rap,1118601,Chingy,Murphy Lee,Petey Pablo,284695
hip hop,J-Son,rap,Hip-Hop,76596,Rj,Dreamon,Lazee,13912
underground hip-hop,J. Cole,rap,Hip-Hop,26356483,Big Sean,Kendrick Lamar,Wale,1417932
Hip-Hop,J. Stalin,Oakland,Bay Area,49139,Messy Marv,Shady Nate,Lil Blood,4348
RNBAY,J. Valentine,Bay Area,rnb,57041,Kevin McCall,Brandon Hines,Young Steff,8562
NA,NA,NA,NA,NA,NA,NA,NA,NA
NA,NA,NA,NA,NA,NA,NA,NA,NA
Hip-Hop,J.R. Writer,Dipset,rap,803268,Hell Rell,40 Cal.,Stack Bundles,110923
hip hop,Ja Rule,Hip-Hop,rap,4834081,Nelly,Chingy,Fat Joe,713266
hip hop,Jack Parow,south africa,seen live,497349,Fokofpolisiekar,Watkin Tudor Jones,Die Heuwels Fantasties,25444
Gangsta Rap,The Jacka,rap,Bay Area,583801,Philthy Rich,Mac Dre,E-40,63966
NA,NA,NA,NA,NA,NA,NA,NA,NA
east coast rap,Jadakiss,rap,Hip-Hop,3920554,Styles P,Sheek Louch,Fabolous,581711
hip hop,Jaden Smith,Hip-Hop,rap,194332,Drake,Post Malone,Kevin Abstract,15917
East Coast,Jae Millz,Hip-Hop,rap,1256062,Gudda Gudda,Short Dawg,Brisco,437864
hip hop,Jahlil Beats,instrumentals,trap,50296,808 Mafia,Lex Luger,Low Pros,3172
male vocalists,Jake Miller,pop,rap,534333,Timeflies,Austin Mahone,Jacob Whitesides,42559
producer,Jake One,underground hip-hop,Hip-Hop,552914,Reks,The Alchemist,Little Brother,37152
Drum and bass,Jam Master Jay,turntablism,Hip-Hop,918,F. De Wulf/Wax Doctor,Form Form,Ils & Solo,333
dancehall,Jamal,ragga,reggae,7021184,Eastwest Rockers,GrubSon,Vavamuffin,207027
NA,NA,NA,NA,NA,NA,NA,NA,NA
Hip-Hop,Jamie Foxx,soul,rnb,5499033,Tyrese,Trey Songz,Omarion,753356
atlanta,Jarren Benton,rap,Hip-Hop,296770,Dizzy Wright,Hopsin,Rittz,16564
spotify,Jay Burna,under 2000 listeners,rap,4239,Young Rook,Hot Dollar,Wes Fif,1028
rap,Jay Electronica,underground hip-hop,Hip-Hop,2790963,Blu & Exile,Elzhi,Blu,231373
Jay Park,Jay Park,Korean,k-pop,2666653,ZICO,Simon Dominic,Dok2,47906
Gangsta Rap,Jay Rock,rap,Hip-Hop,2046133,The Game,Ab-Soul,Freddie Gibbs,215291
NA,NA,NA,NA,NA,NA,NA,NA,NA
Hip-Hop,Jayo Felony,Gangsta Rap,West Coast Rap,162275,Bad Azz,Kam,Battlecat,31311
Hip-Hop,Jaz-O,rap,hip hop,8657,Lake Featuring Cormega,G. Dep,DJ Kay Slay,1638
alternative,Jazze Pha,rap,Hip-Hop,84258,Big Gipp,Shawn Kane,Scarface Ft. Trey Songz,20386
rap,Jean Grae,underground hip-hop,Hip-Hop,1214370,Little Brother,Kenn Starr,Talib Kweli,102213
brainfeeder,Jeremiah Jae,Hip-Hop,experimental,512562,zeroh,Jonwayne,L'Orange & Jeremiah Jae,31966
soul,Jeremih,Hip-Hop,rnb,7429476,PARTYNEXTDOOR,Ty Dolla $ign,Tory Lanez,888806
Dirty South,Jermaine Dupri,rap,Hip-Hop,360779,Dem Franchize Boyz,Murphy Lee,Juvenile,93789
hip hop,Jeru the Damaja,rap,Hip-Hop,2950423,Black Moon,Gang Starr,Organized Konfusion,252665
pop,Jewell,hip hop,female vocalists,20798,B-Rezell,Sweet Sable,D.J. Rogers,5703
Hip-Hop,Jibbs,hip hop,rap,778681,Shop Boyz,Unk,Huey,171261
Dipset,Jim Jones,Hip-Hop,rap,3090008,Juelz Santana,Cam'ron,The Diplomats,541039
NA,NA,NA,NA,NA,NA,NA,NA,NA
NA,NA,NA,NA,NA,NA,NA,NA,NA
Hip-Hop,JME,dubstep,Grime,1805142,Skepta,Wiley,Lethal Bizzle,158432
hip hop,Joe Budden,rap,Hip-Hop,4283823,Slaughterhouse,Jadakiss,"Royce da 5'9""",468256
new york,Joell Ortiz,rap,Hip-Hop,1092991,Slaughterhouse,Joe Budden,"Royce da 5'9""",123240
NA,NA,NA,NA,NA,NA,NA,NA,NA
wwe,John Cena,rap,Hip-Hop,268528,John Cena & Tha Trademarc,Will Smith,Vanilla Ice,36025
NA,NA,NA,NA,NA,NA,NA,NA,NA
NA,NA,NA,NA,NA,NA,NA,NA,NA
underground hip-hop,Jon Connor,Hip-Hop,rap,313985,Slaughterhouse,Dr. Dre,Joe Budden,27071
Gangsta Rap,JT Money,rap,Hip-Hop,42957,Iconz,Poison Clan,Lil' Zane,10350
Gangsta Rap,JT The Bigga Figga,Hip-Hop,rap,86809,Ray Luv,Young Lay,11/5,16843
Dipset,Juelz Santana,Hip-Hop,rap,4037472,The Diplomats,Cam'ron,Jim Jones,655644
NA,NA,NA,NA,NA,NA,NA,NA,NA
Dirty South,Juicy J,rap,Hip-Hop,5790043,Wiz Khalifa,Project Pat,Gucci Mane,464910
NA,NA,NA,NA,NA,NA,NA,NA,NA
rap,Jus Allah,Hip-Hop,underground hip-hop,220053,Chief Kamachi,The Devil'z Rejects,Randam Luck,14900
NA,NA,NA,NA,NA,NA,NA,NA,NA
Dirty South,Juvenile,Hip-Hop,rap,2389609,B.G.,Big Tymers,Trick Daddy,444305
old school,Kurtis Blow,rap,Hip-Hop,711015,Whodini,Grandmaster Flash and The Furious Five,The Sugarhill Gang,178114
female vocalists,Lauryn Hill,Hip-Hop,soul,12772988,Fugees,Erykah Badu,Aaliyah,969816
hip hop,K Camp,rap,Hip-Hop,480938,Rich Homie Quan,Yo Gotti,Lil Durk,64823
rap,K'naan,african,Hip-Hop,6311132,K-OS,Classified,Shad,461678
Hip-Hop,K-Dee,rap,G-funk,28323,Mad CJ Mac,I Smooth 7,Vontel,2412
rap,K-OS,Canadian,Hip-Hop,4470481,Shad,Classified,Sam Roberts,247743
east coast rap,K-Solo,Hip-Hop,rap,46018,Three Times Dope,D-Nice,Chill Rob G,8799
NA,NA,NA,NA,NA,NA,NA,NA,NA
NA,NA,NA,NA,NA,NA,NA,NA,NA
hyphy,Kafani,rap,Hip-Hop,49427,Dem Hoodstarz,Beeda Weeda,D-Lo,10711
west coast,Kam,rap,G-funk,135536,Foesum,Bad Azz,Battlecat,28508
NA,NA,NA,NA,NA,NA,NA,NA,NA
NA,NA,NA,NA,NA,NA,NA,NA,NA
NA,NA,NA,NA,NA,NA,NA,NA,NA
Canadian,Kardinal Offishall,rap,Hip-Hop,1720621,K-OS,Saukrates,Sean Kingston,334226
outlawz,Kastro,Hip-Hop,rap,2756,Young Noble & E.D.I.,Stormey,Young Noble,703
female vocals,Kat Dahlia,pop,Hip-Hop,698542,Becky G,Bea Miller,Ivy Levan,83906
drill,Katie Got Bandz,rap,Hip-Hop,78122,Sasha Go Hard,Lil Mouse,Ballout,5836
Hip-Hop,KB,electronic,demoscene,233585,Tedashii,Andy Mineo,Trip Lee,21928
rap,Keak Da Sneak,Bay Area,hyphy,713139,Mac Dre,Mistah F.A.B.,E-40,90423
new york,Keith Murray,rap,Hip-Hop,645341,Erick Sermon,Redman,Grand Puba,86598
NA,NA,NA,NA,NA,NA,NA,NA,NA
seen live,Kendrick Lamar,rap,Hip-Hop,66370601,Joey Bada$$,Kanye West,J. Cole,1167852
australian,Kerser,Hip-Hop,Aussie Hip-Hop,108535,Fortay,Cheap Sober,Sarm,2179
trap,Kevin Gates,rap,Hip-Hop,2272777,Yo Gotti,Lil Durk,Boosie Badazz,123819
soul,Kevin McCall,rnb,Hip-Hop,113108,Lonny Bereal,Marcus Canty,Kevin Cossom,10827
female vocalists,Khia,Hip-Hop,rap,679574,Trina,Lil' Kim,Remy Ma,132972
NA,NA,NA,NA,NA,NA,NA,NA,NA
rap,Kia Shine,Hip-Hop,Dirty South,58166,Tum Tum,U.S.D.A.,Playaz Circle,11973
rap,Kid Capri,producer,Hip-Hop,28406,Sir Menelik,Shabaam Sahdeeq,Beat Junkies,6724
alternative rap,Kid Cudi,rap,Hip-Hop,66633318,WZRD,Travi$ Scott,Kanye West,2376231
Chicano Rap,Kid Frost,Hip-Hop,rap,255550,Above the Law,Lil Rob,South Central Cartel,58025
west coast,Kid Ink,rap,Hip-Hop,5714755,Tyga,Chris Brown & Tyga,August Alsina,430337
alternative rock,Kid Rock,hard rock,rock,8298867,Uncle Kracker,Buckcherry,Nickelback,686246
Electro Hip Hop,Kid Sister,electronic,Hip-Hop,1966464,Amanda Blank,Rye Rye,Uffie,239073
swag,Kidd Kidd,G-Unit,under 2000 listeners,24580,G-Unit,A$AP Twelvyy,Rich Kidz,5741
rap,Killah Priest,wu-tang,Hip-Hop,1278329,Sunz of Man,Ras Kass,Killarmy,105034
Dirty South,Killer Mike,rap,Hip-Hop,3608671,El-P,Run the Jewels,Big K.R.I.T.,248090
atlanta,Kilo Ali,Dirty South,Hip-Hop,25017,Raheem The Dream,Drama feat. Outkast & Marsha Ambrosius,Fonzworth Bentley,4469
Cleveland,King Chip,seen live,Hip-Hop,106782,Chuck Inglish,Chip tha Ripper,Hit-Boy,8570
detroit,King Gordy,rap,Horrorcore,336413,DJ Clay,Project: Deadman,Anybody Killa,48280
NA,NA,NA,NA,NA,NA,NA,NA,NA
rap,King Tee,Hip-Hop,West Coast Rap,269545,Spice 1,Above the Law,MC Eiht,58596
underground hip hop,Kirk Knight,hip hop,Hip-Hop,139579,Mick Jenkins,Joey Bada$$,Nyck Caution,16572
rnb,Kirko Bangz,Hip-Hop,rap,806216,K Camp,Tory Lanez,August Alsina,120664
Hip-Hop,Kitty,rap,hip hop,308904,Kitty Pryde,Kreayshawn,JUNGLEPUSSY,21370
rap,KJ-52,christian,Christian Rap,701782,TobyMac,Tedashii,Lecrae,60792
NA,NA,NA,NA,NA,NA,NA,NA,NA
west coast,KNOC-TURN'AL,Hip-Hop,rap,132167,Soopafly,Bad Azz,Kam,20455
folk,KO,hip hop,Hip-Hop,102548,The Waking Eyes,Michael Bernard Fitzgerald,The Junction,11939
hip hop,Kodak Black,Hip-Hop,rap,777451,LIL UZI VERT,21 Savage,Playboi Carti,52083
rap,Kokane,West Coast Rap,G-funk,145174,Above the Law,Spice 1,Mack 10,28237
NA,NA,NA,NA,NA,NA,NA,NA,NA
east coast rap,Kool G Rap,rap,Hip-Hop,1563301,Kool G Rap & DJ Polo,O.C.,Big Daddy Kane,208029
rap,Kool Keith,underground hip-hop,Hip-Hop,1499872,Dr. Dooom,Dr. Octagon,Ultramagnetic MC's,96302
rap,Kool Moe Dee,old school,Hip-Hop,266741,Stetsasonic,Special Ed,Whodini,67263
seen live,Koolade,Hip-Hop,croatian,8445,Tram 11,Nered i stoka,Handbook,1307
Gangsta Rap,Krayzie Bone,Hip-Hop,rap,1090886,Bizzy Bone,Bone Thugs-N-Harmony,Tech N9ne,144855
rap,Kreayshawn,swag,Hip-Hop,2521226,Lil Debbie,Brooke Candy,Rye Rye,199480
rap,Krizz Kaliko,Hip-Hop,Strange Music,1461314,Tech N9ne,Stevie Stone,Kutt Calhoun,119844
hip hop,KRS-One,rap,Hip-Hop,5300209,Boogie Down Productions,Rakim,EPMD,481266
juggalo,Kung Fu Vampire,rap,Horrorcore,67844,DJ Clay,Axe Murder Boyz,Drive-By,9462
rap,Kurious,hip hop,Hip-Hop,101274,Jemini The Gifted One,Scientifik,Ill Biskits,11630
old school,Kurtis Blow,rap,Hip-Hop,711015,Whodini,Grandmaster Flash and The Furious Five,The Sugarhill Gang,178114
Gangsta Rap,Kurupt,Hip-Hop,rap,1505326,Tha Dogg Pound,DJ Quik,Daz Dillinger,262829
rap,Kutt Calhoun,Hip-Hop,Strange Music,610946,Krizz Kaliko,Tech N9ne,Stevie Stone,95040
NA,NA,NA,NA,NA,NA,NA,NA,NA
hip hop,Lil' Kim,rap,Hip-Hop,3313530,Foxy Brown,Remy Ma,Trina,430472
NA,NA,NA,NA,NA,NA,NA,NA,NA
NA,NA,NA,NA,NA,NA,NA,NA,NA
Hip-Hop,La Chat,memphis,rap,139033,Indo G,Crunchy Black,Prophet Posse,28113
rap,La the Darkman,wu-tang,Hip-Hop,196049,Hell Razah,Dom Pachino,9th Prince,30035
hip hop,Lady Luck,rap,Hip-Hop,8059,Ran Reed,Shadowz In Da Dark,Pudgee,1685
hip hop,The Lady of Rage,rap,Hip-Hop,108677,Da Brat,Daz Dillinger,Tha Dogg Pound,26338
Queensbridge,Lakey The Kid,new york,rap,3724,Lake Featuring Cormega,Infamous Mobb,Bars & Hooks,289
rap,Lakim Shabazz,old school,Hip-Hop,18382,Steady B,The Real Roxanne,J.V.C. F.O.R.C.E.,3796
new york,Lakutis,rap,Hip-Hop,146952,Kool A.D.,Heems,Das Racist,4577
rap,Large Professor,underground hip-hop,Hip-Hop,879968,Lord Finesse,Kev Brown,Artifacts,83823
NA,NA,NA,NA,NA,NA,NA,NA,NA
female vocalists,Lauryn Hill,Hip-Hop,soul,12772988,Fugees,Erykah Badu,Aaliyah,969816
Lo-Fi,Lazarus,metal,thrash metal,148592,Evile,Warbringer,Forbidden,22485
NA,NA,NA,NA,NA,NA,NA,NA,NA
christian,Lecrae,Hip-Hop,Christian Rap,2298271,Trip Lee,Andy Mineo,Tedashii,96764
underground hip-hop,Left Brain,Hip-Hop,ofwgkta,110852,I Smell Panties,Super 3 Feat. Casey Veggies And Hodgy Beats,Casey Veggies Feat. Tyler Creator,43537
underground hip-hop,Lex Luger,Hip-Hop,rap,18937,Juicy J & Lex Luger,808 Mafia,Cartel MGM,1377
Hip-Hop,Lil Bibby,rap,drill,281061,Lil Herb,Lil Durk,Fredo Santana,11765
swag,Lil B,Hip-Hop,based,6514216,SpaceGhostPurrp,Main Attrakionz,Lil B x Chance The Rapper,193880
swag,Lil Debbie,rap,Hip-Hop,318089,Kreayshawn,Honey Cocaine,Riff Raff,15735
comedy,Lil Dicky,rap,Hip-Hop,1260446,Logic,Watsky,Hopsin,76506
Hip-Hop,Lil Durk,rap,drill,739626,Lil Bibby,Lil Reese,Chief Keef,48466
rap,Lil Eazy-E,Hip-Hop,Gangsta Rap,135654,Hood Surgeon,Bloods & Crips,Spider Loc,34198
rap,Lil Herb,drill,Hip-Hop,335217,Lil Bibby,Lil Durk,Chief Keef,9177
NA,NA,NA,NA,NA,NA,NA,NA,NA
NA,NA,NA,NA,NA,NA,NA,NA,NA
female vocalists,Lil Mama,rap,Hip-Hop,842776,Queen Latifah,Lil' Kim,Eve,150329
NA,NA,NA,NA,NA,NA,NA,NA,NA
trap,Lil Reese,rap,drill,239399,Fredo Santana,Lil Durk,Chief Keef,21617
west coast,Lil Ric,California,rap,12651,Young Ed,Pizzo,Triple Beam,2948
NA,NA,NA,NA,NA,NA,NA,NA,NA
Dirty South,Lil Scrappy,Crunk,rap,585241,YoungBloodz,Trillville,Yung Joc,99215
hip hop,Lil Twist,rap,Hip-Hop,584743,Short Dawg,Gudda Gudda,Jae Millz,236661
rap,LIL UZI VERT,Hip-Hop,trap,1537560,Lil Yachty,Kodak Black,Playboi Carti,74738
NA,NA,NA,NA,NA,NA,NA,NA,NA
Dirty South,Lil Wyte,Hip-Hop,rap,1926826,DJ Paul,Three 6 Mafia,Tear da Club Up Thugs,255028
rap,Lil Yachty,hip hop,trap,982375,LIL UZI VERT,Kodak Black,Young Thug,47937
NA,NA,NA,NA,NA,NA,NA,NA,NA
hip hop,Lil' Cease,Hip-Hop,rap,12776,Queen Pen,Charli Baltimore,Mysonne,2652
hiphop,Lil' Fizz,sexy,rap,4182,Xso,Lil Fizz,O'Ryan,601
Dirty South,Lil' Flip,Hip-Hop,rap,1640078,Paul Wall,Mike Jones,T.I.,324245
Dirty South,Lil' Keke,southern rap,rap,424218,Big Pokey,Guerilla Maab,Lil' O,93428
hip hop,Lil' Kim,rap,Hip-Hop,3313530,Foxy Brown,Remy Ma,Trina,430472
Houston,Lil' O,rap,Dirty South,112556,Big Pokey,Trae & Z-Ro,Guerilla Maab,29702
NA,NA,NA,NA,NA,NA,NA,NA,NA
Houston,Lil' Troy,rap,Hip-Hop,295584,Luniz,YoungBloodz,Master P,68805
rap,Lil' Wil,hip hop,Hip-Hop,3869,Lil Willie Gibson,dj mr. rogers,GS Boyz,686
hip hop,Lin Que,rap,Hip-Hop,9099,Mama Mystique,Pudgee Tha Phat Bastard,Paula Perry,1744
NA,NA,NA,NA,NA,NA,NA,NA,NA
NA,NA,NA,NA,NA,NA,NA,NA,NA
G-Unit,Lloyd Banks,Hip-Hop,rap,6516897,G-Unit,Tony Yayo,Young Buck,905322
rap,Locksmith,Hip-Hop,funk,88613,Furney,Torae,eMC,13605
deep house,Logic,rap,Hip-Hop,4991866,J. Cole,G-Eazy,Dizzy Wright,167259
female rap,Lola Monroe,Hip-Hop,rap,84610,Jacki-O,Rasheeda,Brianna Perry,6690
Stoner Rock,Loon,Hip-Hop,Sludge,79113,Da Band,M.O.P Feat. Sheritha Lynch,Young Gunz,18101
underground hip-hop,Lord Finesse,rap,Hip-Hop,899711,Lord Finesse & DJ Mike Smooth,O.C.,Showbiz & A.G.,105718
rap,Lord Have Mercy,Hip-Hop,hip hop,11798,Ran Reed,The Bad Seed,Shadowz In Da Dark,2293
rap,Lord Infamous,memphis rap,Horrorcore,222449,Three 6 Mafia,DJ Paul,Evil Pimp,25691
rap,Lord Jamar,new york,Hip-Hop,37695,Wisemen,Lord Jamar (Of Brand Nubian),La the Darkman,3675
drone,Los,doom metal,Hip-Hop,280803,Cyhi Da Prynce,Pries,Phil Ade,18130
rap,louis logic,hip hop,Hip-Hop,598635,The Demigodz,7L & Esoteric,Celph Titled,55751
hiphop,Lovebug Starski,rap,Old School Hip Hop,14050,Spoonie Gee Meets The Sequence,The Fearless Four,The Packman,4883
NA,NA,NA,NA,NA,NA,NA,NA,NA
UK hip hop,Lowkey,rap,Hip-Hop,722044,Akala,Immortal Technique,dead prez,42891
NA,NA,NA,NA,NA,NA,NA,NA,NA
NA,NA,NA,NA,NA,NA,NA,NA,NA
NA,NA,NA,NA,NA,NA,NA,NA,NA
Gangsta Rap,Luni Coleone,hip hop,West Coast Rap,71676,Hollow Tip,Guce,AP.9,17286
NA,NA,NA,NA,NA,NA,NA,NA,NA
90s,Luther Campbell,80s,soul,201,"Florzinho, Mathieu",Sunset Blvd Kids Chorus,Show-B,44
hip hop,MC Lyte,rap,Hip-Hop,555403,Da Brat,Monie Love,Foxy Brown,119117
rap,Melle Mel,Hip-Hop,hip hop,18668,City Stars,Grandmaster Melle Mel,Busy Bee,6716
rap,MF DOOM,underground hip-hop,Hip-Hop,20379362,Viktor Vaughn,Madvillain,King Geedorah,528145
NA,NA,NA,NA,NA,NA,NA,NA,NA
dead prez,M-1,rap,Hip-Hop,94846,dead prez & Outlawz,Stic.Man,dead prez & DJ Green Lantern,9631
female vocalists,M.I.A.,electronic,Hip-Hop,54465407,Azealia Banks,Björk,Brooke Candy,1717884
Hip-Hop,Mac,hip hop,rap,85181,Kane & Abel,Mia X,Soulja Slim,13941
Hip-Hop,Mac Dre,Bay Area,rap,2375218,Andre Nickatina,Keak Da Sneak,Mac Mall,145654
rhymesayers,Mac Lethal,underground hip-hop,Hip-Hop,1289289,Grieves,Brother Ali,Atmosphere,82680
West Coast Rap,Mac Mall,rap,Bay Area,325651,Mac Dre,C-Bo,Dru Down,61714
underground hip-hop,Mac Miller,rap,Hip-Hop,24520389,Isaiah Rashad,Earl Sweatshirt,ScHoolboy Q,880246
NA,NA,NA,NA,NA,NA,NA,NA,NA
Cleveland,Machine Gun Kelly,rap,Hip-Hop,3202757,MGK,Yelawolf,Hopsin,186223
Gangsta Rap,Mack 10,rap,Hip-Hop,711557,Tha Eastsidaz,WC,Westside Connection,155776
young money,Mack Maine,rap,Hip-Hop,61554,Lil Chuckee,Jae Millz,Gudda Gudda,10013
underground rap,Macklemore,rap,Hip-Hop,3957930,Macklemore & Ryan Lewis,Blue Scholars,L'One,274970
ragga,Mad Lion,dancehall,reggae,86644,Buccaneer,Terror Fabulous,Yellowman & Fathead,16694
rap,Madchild,underground hip-hop,Hip-Hop,678352,Swollen Members,Slaine,Snak the Ripper,22912
funk,Madlib,jazz,Hip-Hop,13978222,Yesterday's New Quintet,Jaylib,Quasimoto,382300
rnb,Maejor Ali,Hip-Hop,rap,173992,Justin Bieber,Soulja Boy,Kid Ink,33112
Hip-Hop,Magic,Psychedelic Rock,japanese,203876,C-Murder,Master P,Silkk The Shocker,22923
Louisiana Rap,Magnolia Shorty,New Orleans,bounce,8923,Gotty Boi Chris,10Th Ward Buck,Monsta Wit Da Fade,2582
hip hop,Maino,Hip-Hop,rap,1516131,Styles P,Jim Jones,Jadakiss,326542
west coast,Mann,rap,Hip-Hop,477421,Bow Wow,Kid Ink,Tyga,101484
Dirty South,Mannie Fresh,Hip-Hop,rap,278413,YoungBloodz,Paul Wall,Juvenile,54653
NA,NA,NA,NA,NA,NA,NA,NA,NA
lesser known yet streamable artists,Mark Battles,rap,Hip-Hop,35668,Chuuwee,Dizzy Wright,Just Juice,3788
hip hop,Marley Marl,rap,Hip-Hop,156272,EPMD,Big Daddy Kane,MC Shan,37346
Bay Area,Marvaless,West Coast Rap,Gangsta Rap,16710,Killa Tay,Lunasicc,Triple Beam,4244
NWOBHM,Marz,Horrorcore,rap,100002,Killa C,Jumpsteady,Monoxide,15836
hip hop,Mase,rap,Hip-Hop,1372858,Diddy,Puff Daddy & The Family,LL Cool J,269741
Maybach Music,Masspike Miles,Hip-Hop,hip hop,65961,Kevin McCall,Neako,Pries,5790
underground hip-hop,Masta Ace,rap,Hip-Hop,4785274,eMC,O.C.,AZ,281378
rap,Masta Killa,wu-tang,Hip-Hop,913913,Inspectah Deck,Cappadonna,Sunz of Man,118013
NA,NA,NA,NA,NA,NA,NA,NA,NA
garage,Master Shortie,Hip-Hop,rap,164416,K.I.G.,Fugative,Scorcher,32104
punk rock,Matt Toka,punk,rock,15559,Bangups,Lost In Society,The Darlings,1130
wavy,Max B,rap,Hip-Hop,1122294,Jim Jones,Cam'ron,The Diplomats,130651
detroit,MC Breed,Hip-Hop,rap,119550,Spice 1,Mack 10,Too $hort,23183
rap,MC Eiht,Hip-Hop,Gangsta Rap,788329,Compton's Most Wanted,Spice 1,South Central Cartel,136971
Nerdcore hip-hop,MC Frontalot,Hip-Hop,nerdcore,2686009,Schaffer the Darklord,MC Lars,Optimus Rhyme,84208
NA,NA,NA,NA,NA,NA,NA,NA,NA
NA,NA,NA,NA,NA,NA,NA,NA,NA
hip hop,MC Lyte,rap,Hip-Hop,555403,Da Brat,Monie Love,Foxy Brown,119117
NA,NA,NA,NA,NA,NA,NA,NA,NA
NA,NA,NA,NA,NA,NA,NA,NA,NA
West Coast Rap,MC Ren,Hip-Hop,Gangsta Rap,501003,Eazy-E,Above the Law,Mack 10,107096
hip hop,Mc Serch,rap,Hip-Hop,56491,K-Solo,D-Nice,UMC's,10024
old school,MC Shan,rap,Hip-Hop,90629,Boogie Down Productions,Schoolly D,Biz Markie,22064
rap,MC Solaar,french,Hip-Hop,2987231,IAM,Doc Gyneco,Oxmo Puccino,169193
femc,MC Trouble,female emcees,Hip-Hop,2254,Nefertiti,Another Bad Creation,The Good Girls,517
male,MC Tunes,Hip-Hop,UK,9751,Silver Bullet,Definition Of Sound,Candyflip,2146
meek mill,Meek Mill,rap,Hip-Hop,6011094,French Montana,Young Jeezy,Rick Ross,509463
rap,Melle Mel,Hip-Hop,hip hop,18668,City Stars,Grandmaster Melle Mel,Busy Bee,6716
latin,Mellow Man Ace,Hip-Hop,rap,46315,Lighter Shade Of Brown,Sen Dog,Tha Mexakinz,12916
hip hop,Memphis Bleek,rap,Hip-Hop,956665,Beanie Sigel,Jim Jones,Freeway,208091
West Coast Rap,Messy Marv,rap,Bay Area,420745,Husalah,J-Diggs,San Quinn,64066
wu-tang,Method Man,rap,Hip-Hop,8729132,Redman,Method Man & Redman,Ol' Dirty Bastard,721508
Hip-Hop,Metro Boomin,a bigger blacker dick,hip hop,54430,Metro Thuggin,Young Thug,Future,7154
rap,MF DOOM,underground hip-hop,Hip-Hop,20379362,Viktor Vaughn,Madvillain,King Geedorah,528145
rap,MF Grimm,underground hip-hop,Hip-Hop,913635,MF DOOM & MF Grimm,KMD,Monsta Island Czars,73387
hip hop,Mia X,Hip-Hop,rap,48505,Kane & Abel,Mac,Young Bleed,15794
new york,Mic Geronimo,rap,Hip-Hop,168853,Mad Skillz,Cella Dwellas,Blahzay Blahzay,26667
underground hip-hop,Mick Jenkins,rap,Hip-Hop,1723258,Isaiah Rashad,Kirk Knight,Ab-Soul,72247
electronic,Mickey Factz,rap,Hip-Hop,633360,Charles Hamilton,Saigon,Fashawn,148019
rock,Mike Dean,Hip-Hop,metal,4793,Kurt Brecht,Lee Dorrian,Max Cavalera,1433
rap,Mike G,ofwgkta,Hip-Hop,706296,MellowHype,Hodgy Beats,OFWGKTA,85562
Dirty South,Mike Jones,Hip-Hop,rap,1990965,Paul Wall,David Banner,Lil' Flip,341041
pop,Mike Posner,Hip-Hop,rnb,10623075,Jason Derülo,Charlie Puth,Flo Rida,988289
alternative rock,Mike Shinoda,rock,Hip-Hop,461464,Chester Bennington,Dead By Sunrise,Linkin Park,122151
trap,Mike Stud,hip hop,Hip-Hop,402271,OCD: Moosh & Twist,Futuristic,Skizzy Mars,40498
NA,NA,NA,NA,NA,NA,NA,NA,NA
drake rap,Mike Zombie,rap,Hip-Hop,24623,Bizzy Crook,Lungz,Kush Kelz,3239
nerd hop,Milo,rap,Hip-Hop,1859722,scallops hotel,Open Mike Eagle,Busdriver,50604
NA,NA,NA,NA,NA,NA,NA,NA,NA
psychedelic trance,Mino,rap francais,psytrance,122667,Psy 4 de la Rime,Soprano,Kery James,12315
Kpop,Miryo,Korean,k-pop,69265,Brown Eyed Girls,Gain,YEZI,2982
NA,NA,NA,NA,NA,NA,NA,NA,NA
California,Mista Grimm,Hip-Hop,G-funk,15712,The Dove Shack,"Snoop Dogg, Nate Dogg, Warren",Soopafly,5623
Hip-Hop,Mistah F.A.B.,Bay Area,hyphy,620133,Keak Da Sneak,Mac Dre,E-40,83895
NA,NA,NA,NA,NA,NA,NA,NA,NA
Gangsta Rap,Mitchy Slick,rap,West Coast Rap,81904,Messy Marv & Mitchy Slick,Luni Coleone,Guce,10936
no limit,Mo B. Dick,rnb,rap,6296,Sons Of Funk,Mr. Jinks,Skull Duggrey,1212
seen live,Mod Sun,hippy hop,Hip-Hop,475783,Sam Lachow,Mike Stud,Hoodie Allen,19849
NA,NA,NA,NA,NA,NA,NA,NA,NA
rap,Monie Love,hip hop,Hip-Hop,115358,MC Lyte,Queen Latifah,Da Brat,29047
outlawz,Mopreme Shakur,Hip-Hop,rap,3979,Macadoshis,Young Noble & E.D.I.,HARDTIMERZ,622
hip hop,Mos Def,rap,Hip-Hop,21185410,Black Star,Talib Kweli,The Roots,1010863
Hip-Hop,Mr. Capone-e,west coast,Chicano Rap,342301,Lil Cuete,Mr. Sancho,Brown Boy,58864
hip hop,Mr. Cheeks,rap,Hip-Hop,90102,Young Gunz,Lord Tariq & Peter Gunz,Philly's Most Wanted,23406
NA,NA,NA,NA,NA,NA,NA,NA,NA
rap,Mr. Criminal,Gangsta Rap,Chicano Rap,305211,Mr. Capone-e,Lil Cuete,Mr. Shadow,24458
hip hop,Mr. Lif,underground hip-hop,Hip-Hop,1631808,Blueprint,C-Rayz Walz,J-Live,142273
underground rap,Mr. Muthafuckin' eXquire,rap,Hip-Hop,647117,Das Racist,Lakutis,Billy Woods,27961
hip hop,Mr. Porter,Aftermath,Hip-Hop,7642,Kuniva,Swifty McVay,Quest M.C.O.D.Y,2696
rap,MR. SERV-ON,hip hop,Hip-Hop,18020,Mia X,Skull Duggrey,Young Bleed,3745
NA,NA,NA,NA,NA,NA,NA,NA,NA
hip hop,Ms. Jade,Hip-Hop,rap,155348,Charli Baltimore,Jacki-O,"Lisa ""Left Eye"" Lopes",36258
Dirty South,Murphy Lee,Hip-Hop,rap,333156,Dem Franchize Boyz,Unk,J-Kwon,92136
hip hop,Murs,underground hip-hop,Hip-Hop,4470936,Little Brother,Brother Ali,Living Legends,299543
Dirty South,Mystikal,rap,Hip-Hop,1234379,Silkk The Shocker,Master P,Trick Daddy,246506
juggalo,Myzery,rap,Horrorcore,26340,I.C.P.,Jumpsteady,Killa C,6559
hip hop,Nas,rap,Hip-Hop,44430464,Mobb Deep,AZ,Jay-Z,1842927
rnb,Nicki Minaj,rap,Hip-Hop,54973003,Iggy Azalea,Beyoncé,Rihanna,1867590
NA,NA,NA,NA,NA,NA,NA,NA,NA
Reggaeton,N.O.R.E.,rap,Hip-Hop,1000979,Capone-N-Noreaga,The Lox,Jadakiss,210375
metalcore,Napoleon,hardcore,melodic hardcore,409553,Counterparts,Polar,Seasons In Wreckage,26592
NA,NA,NA,NA,NA,NA,NA,NA,NA
rap,Nate Dogg,Hip-Hop,G-funk,2517859,213,Warren G,Tha Dogg Pound,328929
Hip-Hop,Nature,podcast,rap,403893,Tragedy Khadafi,Ras Kass,Styles P,30704
NA,NA,NA,NA,NA,NA,NA,NA,NA
vocaloid,NAV,Hip-Hop,black metal,234087,Post Malone,Mike Will Made-It,Migos,25104
Horrorcore,Necro,Death Rap,Hip-Hop,5037539,Ill Bill,Mr. Hyde,Non Phixion,186074
NA,NA,NA,NA,NA,NA,NA,NA,NA
rnb,Nelly,rap,Hip-Hop,16378811,Ja Rule,Chingy,Ludacris,1816472
rnb,NF,rap,Hip-Hop,418287,KB,Andy Mineo,Lecrae,31243
rnb,Nick Cannon,rap,Hip-Hop,157024,Dreezy,Baby Bash,DJ Drama,38683
NA,NA,NA,NA,NA,NA,NA,NA,NA
Hip-Hop,Nicky Da B,New Orleans,bounce,17700,Sissy Nobby,Gotty Boi Chris,Dj Jubilee,2758
soul,Nicole Wray,female vocalists,rnb,227070,Cheri Dennis,Shareefa,Kiley Dean,56189
female rap,Nikki D,rap,Hip-Hop,12155,Downtown Science,Hollis Crew,Yo-Yo,3851
west coast,Nipsey Hussle,rap,Hip-Hop,1783397,Dom Kennedy,Curren$y,Fabolous,262329
jazz,Nitty,rap,Hip-Hop,125035,Guerilla Black,504 Boyz,Yung Wun,27734
rap,"Nitty Scott, MC",underground hip hop,Hip-Hop,65785,Kinetics & One Love,Add-2,Emilio Rojas,6411
USA,NoClue,rap,Hip-Hop,14452,Bazanji,Lungz,Sky 7th,1230
clipse,No Malice,Hip-Hop,hip hop,26948,Social Club,Maybach Music Group,Bizzle,2743
NA,NA,NA,NA,NA,NA,NA,NA,NA
street punk,NoName,hip hop,Hip-Hop,705668,Isaiah Rashad,Chance the Rapper,Saba,45414
female vocalist,Nonchalant,Hip-Hop,rap,27155,Heather B.,Queen Pen,Raw Breed,4640
Gangsta Rap,The Notorious B.I.G.,rap,Hip-Hop,36791733,Nas,2Pac,Jay-Z,1941735
producer,Nottz,underground hip-hop,Hip-Hop,151811,Rapper Big Pooh,Kev Brown,Kenn Starr,17892
Jazz Hop,Nujabes,japanese,Hip-Hop,21425663,Force of Nature,Fat Jon,Uyama Hiroto,227329
Hip-Hop,Nump,hyphy,alternative metal,40838,Dem Hoodstarz,The Team,Turf Talk,8696
rap,Numskull,Hip-Hop,thrash metal,15777,Assorted Heap,Soothsayer,Indestroy,2103
hip hop,Nyzzy Nyce,Hip-Hop,rap,9591,Bazanji,Vee tha Rula,Tdot illdude,1263
hip hop,Obie Trice,Hip-Hop,rap,4305725,D12,Slaughterhouse,G-Unit,785879
rap,Oddisee,underground hip-hop,Hip-Hop,3629975,Diamond District,Mello Music Group,Elzhi,180885
seen live,Offset,russian,ska,21514,Quavo,Zach Farlow,Migos,2238
hip hop,OG Maco,rap,Hip-Hop,446741,Rich The Kid,Waka Flocka Flame,Young Thug,36738
Stones throw,Oh No,underground hip-hop,Hip-Hop,2875954,Madlib,MED,Guilty Simpson,188508
Dirty South,OJ da Juiceman,rap,Hip-Hop,1252127,Young Scooter,Young Dolph,Gucci Mane,260634
wu-tang,Ol' Dirty Bastard,rap,Hip-Hop,5853344,Method Man,Wu-Tang Clan,GZA/Genius,536046
africa,Olamide,african,Hip-Hop,45269,Phyno,Ice Prince,Kiss Daniel,3241
NA,NA,NA,NA,NA,NA,NA,NA,NA
Omarion,Omarion,Hip-Hop,rnb,4793966,Trey Songz,August Alsina,Eric Bellinger,786333
black metal,Omega Red,death metal,deathcore,3240,Hereafter An Odyssey,Dead Will Rise,Cholera,507
Philadelphia,Omillio Sparks,rap,hip hop,4797,MAJOR FIGGAS,Prinz,Peedi Crakk,1091
rap,Oneya,hip hop,Hip-Hop,5658,Struka,V.I.P.,Blokovski,266
rap,Open Mike Eagle,underground hip-hop,Hip-Hop,1045893,Milo,Busdriver,Serengeti,49943
NA,NA,NA,NA,NA,NA,NA,NA,NA
pop,Psy,Korean,k-pop,5900219,G-Dragon,Big Bang,Brown Eyed Girls,548304
hip hop,Q-Tip,rap,Hip-Hop,5392037,A Tribe Called Quest,Slum Village,Common,438100
Canadian,P. Reign,canada,rap,189809,Tory Lanez,Amir Obe,French Montana,25689
NA,NA,NA,NA,NA,NA,NA,NA,NA
southern rap,Papa Reu,rnb,USA,6756,C-Note,Big Pokey,Lil' Keke,1349
new york,Papoose,rap,Hip-Hop,1687075,Saigon,Jadakiss,Styles P,171098
political rap,Paris,rap,Hip-Hop,655103,Above the Law,MC Ren,Spice 1,63101
Crunk,Pastor Troy,rap,Dirty South,1018819,Trillville,Young Jeezy,Project Pat,190017
Dirty South,Paul Wall,Hip-Hop,rap,2086873,Slim Thug,Mike Jones,Bun B,301494
Philadelphia,Peedi Peedi,Hip-Hop,rap,3640,Peedi Crakk,State Property,Young Gunz,744
Hip-Hop,PeeWee Longway,rap,trap,153812,Bankroll Fresh,Young Scooter,Young Dolph,7035
underground hip-hop,Percee P,Stones throw,Hip-Hop,689268,Roc Marciano,Strong Arm Steady,Lootpack,69604
Dirty South,Petey Pablo,rap,Hip-Hop,1740840,YoungBloodz,Ying Yang Twins,Lil Jon & The East Side Boyz,292690
hip hop,Pharoahe Monch,rap,Hip-Hop,3755192,Organized Konfusion,Masta Ace,Talib Kweli,315670
rap,Pharrell Williams,rnb,Hip-Hop,14746110,N*E*R*D,Justin Timberlake,Robin Thicke,1150071
underground hip-hop,Phat Kat,detroit,Hip-Hop,287931,Frank-N-Dank,Que D,Fat Ray & Black Milk,37639
new york,Phife Dawg,rap,Hip-Hop,108169,Q-Tip,A Tribe Called Quest,Brand Nubian,19269
Bay Area,Philthy Rich,rap,Hip-Hop,159750,Mozzy,The Jacka,J. Stalin,24293
afrobeat,Phyno,nigeria,africa,15526,Olamide,Kiss Daniel,RUNTOWN,1383
atlanta,Pill,Hip-Hop,rap,449631,Rick Ross,Big Boi,Gucci Mane,117548
Hip-Hop,Pimp C,rap,Dirty South,1140918,UGK,Bun B,Slim Thug,184405
NA,NA,NA,NA,NA,NA,NA,NA,NA
underground hip-hop,Planet Asia,rap,Hip-Hop,640839,Roc Marciano,Ras Kass,O.C.,69095
techno,Planetary,rap,Hip-Hop,20592,Doap Nixon,Randam Luck,King Syze,4198
Dirty South,Plies,Hip-Hop,rap,4186267,Yo Gotti,Trick Daddy,Lil Boosie,740165
urban,PNC,rap,Hip-Hop,37708,Nesian Mystik,Smashproof,Team Dynamite,4046
spanish hip-hop,Porta,Hip-Hop,rap,890768,NACH,Canserbero,Santaflow,47053
hip hop,Positive K,rap,Hip-Hop,225074,Heavy D & The Boyz,Wreckx-N-Effect,Big Daddy Kane,58392
hip hop,Post Malone,rap,Hip-Hop,2008226,NAV,Travi$ Scott,Drake,146379
hip hop,Pras,rap,Hip-Hop,401311,Kris Kross,Diddy,Eve,109651
eurodance,Prince Ital Joe,90s,rap,9117,Tn't Party Zone,Prince Ital Joe & Marky Mark,Intermission,2375
producer,Prince Paul,hip hop,Hip-Hop,733570,The Beatnuts,Dr. Octagon,Kool Keith,74049
underground hip-hop,Prince Po,hip hop,Hip-Hop,92722,The ODD Couple,Dutchmassive,Bigg Jus,15013
Hip-Hop,Problem,punk,rap,345170,Iamsu!,Tyga,K Camp,45500
big beat,Prodigy,Hip-Hop,electronic,7139842,The Prodigy,Mobb Deep,The Crystal Method,536640
UK hip-hop,Professor Green,Grime,Hip-Hop,4715363,Devlin,Tinchy Stryder,Tinie Tempah,367803
Dirty South,Project Pat,Hip-Hop,rap,2233958,Three 6 Mafia,DJ Paul,Tear da Club Up Thugs,241775
d12,Proof,Hip-Hop,rap,1776114,Bizarre,Obie Trice,D12,507173
Strange Music,Prozak,rap,Horrorcore,785228,Krizz Kaliko,¡Mayday!,Tech N9ne,103084
pop,Psy,Korean,k-pop,5900219,G-Dragon,Big Bang,Brown Eyed Girls,548304
hip hop,Pusha T,rap,Hip-Hop,7092939,Clipse,Jay Rock,The Game,482109
soul,Queen Latifah,jazz,Hip-Hop,1139151,MC Lyte,Renée Zellweger,Catherine Zeta-Jones,164734
hip hop,Q-Tip,rap,Hip-Hop,5392037,A Tribe Called Quest,Slum Village,Common,438100
rap,Quan,seen live,Hip-Hop,33624,K. Sparks,Happyland,NYCE,3849
atlanta,Quavo,trap,rap,8804,UnoTheActivist,Offset,Lil Duke,1404
Intergallactic Soul,Quazedelic,space funk,Hip-Hop,1398,Proh Mic,Roddy Rod,U-N-I,292
soul,Queen Latifah,jazz,Hip-Hop,1139151,MC Lyte,Renée Zellweger,Catherine Zeta-Jones,164734
hip hop,Queen Pen,Hip-Hop,rap,24760,Charli Baltimore,Jacki-O,Father MC,6018
Korean Hip-Hop,The Quiett,Hip-Hop,Korean,191417,Dok2,Illionaire Records,Beenzino,6089
G-funk,Quincy Jones III,rap,Hip-Hop,241,Jean Toussaint,Satin Jackets & Chris Jylkke,Thug Life feat. Nate Dogg,101
galapagos4,Qwazaar,underground hip-hop,chicago,29083,Outerlimitz,Robust,Qwel & Mike Gao,2366
chicago,Qwel,Hip-Hop,underground hip-hop,142495,Qwel & Maker,Qwel & Jackson Jones,Robust,10661
hip hop,Rakim,rap,Hip-Hop,2881375,Eric B. & Rakim,KRS-One,EPMD,362756
wu-tang,RZA,rap,Hip-Hop,5121447,Wu-Tang Clan,Inspectah Deck,Method Man,414879
Hip-Hop,R. Kelly,soul,rnb,14374488,Jodeci,Keith Sweat,Avant,1383710
underground hip-hop,R.A. the Rugged Man,rap,Hip-Hop,1838474,Vinnie Paz,Jedi Mind Tricks,Apathy,115030
wu-tang,Raekwon,rap,Hip-Hop,9446804,Ghostface Killah,GZA/Genius,Mobb Deep,554690
rap,Rah Digga,hip hop,Hip-Hop,175622,Queen Latifah,Freeway,Foxy Brown,29321
seen live,Rahzel,Hip-Hop,beatbox,391409,Braintax,Ugly Duckling,Digital Underground,56314
hip hop,Rakim,rap,Hip-Hop,2881375,Eric B. & Rakim,KRS-One,EPMD,362756
Hip-Hop,Rampage,hardcore,thrash metal,189676,Mental,Outburst,Breakdown,14730
NA,NA,NA,NA,NA,NA,NA,NA,NA
rap,Rappin' 4-Tay,Bay Area,Hip-Hop,277885,Celly Cel,South Central Cartel,Too $hort,51975
hip hop,Rapsody,Hip-Hop,rap,351876,Rapper Big Pooh,Little Brother,Skyzoo,35867
underground hip-hop,Ras Kass,rap,Hip-Hop,951255,Chino XL,Canibus,Killah Priest,96267
Dirty South,Rasheeda,rap,Hip-Hop,359999,Jacki-O,Lola Monroe,Ebony Eyez,82203
East Coast,Ray Cash,Hip-Hop,rap,126147,Da Backwudz,J.R. Writer,Smitty,19358
Ray J,Ray J,Hip-Hop,rnb,2124368,Marques Houston,J. Holiday,Pleasure P,454384
rap,Ray Luv,West Coast Rap,Gangsta Rap,79892,Young Lay,11/5,Cold World Hustlers,15506
canada,Raz Fresco,rap,Hip-Hop,28494,Black Zheep DZ,Perrion,BrandUn Deshay,1836
Gangsta Rap,RBX,west coast,Hip-Hop,62208,Bad Azz,Soopafly,Kam,7511
rap,The Real Roxanne,80s,Hip-Hop,13883,Whistle,UTFO,Roxanne Shanté,5163
hiphop,Really Doe,rap,hip hop,18067,CRS,Child Rebel Soldier,Donnis,3940
NA,NA,NA,NA,NA,NA,NA,NA,NA
NA,NA,NA,NA,NA,NA,NA,NA,NA
party rock,Redfoo,electro,Hip-Hop,432345,LMFAO,Pitbull,will.i.am,70420
hip hop,Redman,rap,Hip-Hop,5753019,Method Man & Redman,Method Man,Def Squad,448999
rap,Reef The Lost Cauze,underground hip-hop,Hip-Hop,688180,Q-Unique,Snowgoons,Outerspace,58734
seen live,Reema Major,Hip-Hop,rap,44812,Lola Monroe,Nyemiah Supreme,Brianna Perry,6536
rap,Reks,underground hip-hop,Hip-Hop,1263891,Termanology,Ras Kass,Blaq Poet,78937
hip hop,Remy Ma,Hip-Hop,rap,497241,Lil' Kim,Foxy Brown,Trina,113192
chicago,Rhymefest,rap,Hip-Hop,1225994,Little Brother,Talib Kweli,Hi-Tek,125739
Dirty South,Rich Boy,Hip-Hop,rap,1624270,Plies,David Banner,Young Jeezy,354148
trap,RICH CHIGGA,rap,hip hop,194071,Keith Ape,Rob $tone,MADEINTYO,20345
Dirty South,Rich Homie Quan,rap,Hip-Hop,1323636,K Camp,Yo Gotti,Young Thug,129126
rap,Rich The Kid,hip hop,Hip-Hop,128911,Famous Dex,Skippa Da Flippa,Playboi Carti,10907
Bay Area,Richie Rich,West Coast Rap,G-funk,122826,Dru Down,Celly Cel,C-Bo,26008
italo,Rick Rock,under 2000 listeners,producer,3259,Hugh Bullen,Carrara,Robert Camero,577
NA,NA,NA,NA,NA,NA,NA,NA,NA
ghostwriter,Rico Love,Hip-Hop,rnb,165421,August Alsina,Eric Bellinger,Teyana Taylor,29253
Progressive rock,Riff Raff,rap,Hip-Hop,2079051,Three Loco,Lil Debbie,Gucci Mane,90915
Strange Music,Rittz,rap,Hip-Hop,679585,Krizz Kaliko,Tech N9ne,Wrekonize,48935
electronic,Rj,Hip-Hop,seen live,53168,J-Son,Dreamon,Joe Moses,9841
trip-hop,RJD2,electronic,Hip-Hop,26419418,Soul Position,Blockhead,Wax Tailor,967336
Def Jux,Rob Sonic,underground hip-hop,Hip-Hop,333142,Hail Mary Mallon,Aesop Rock,El-P,42770
hip hop,Roc Marciano,underground hip-hop,Hip-Hop,940921,Westside Gunn,Ka,Sean Price,36340
chicago,Rockie Fresh,rap,Hip-Hop,481992,Stalley,Curren$y,Casey Veggies,32025
Dirty South,Rocko,Hip-Hop,rap,899229,Young Dro,Yo Gotti,Young Scooter,209134
p-funk,Roger Troutman,soul,funk,42474,Parlet,Fingazz,P-Funk All Stars,8627
Rapper,Romeo Miller,under 2000 listeners,hip hop,1252,Legacy (New Boyz),Russell w. Howard,Diggy Simmons,166
rap rock,Ronnie Radke,singer-songwriter,rap,53566,B.LaY,9Lives,Falling in Reverse,2060
ninja tune,Roots Manuva,dub,Hip-Hop,6822672,The Herbaliser,Coldcut,Ty,457328
Hip-Hop,Roscoe,west coast,rap,168353,Luniz,Daz Dillinger,Kurupt,29076
atlanta,Roscoe Dash,rap,Hip-Hop,1225511,Travis Porter,Gorilla Zoe,Soulja Boy,328174
NA,NA,NA,NA,NA,NA,NA,NA,NA
NA,NA,NA,NA,NA,NA,NA,NA,NA
detroit,"Royce da 5'9""",rap,Hip-Hop,4087798,Slaughterhouse,Elzhi,Joe Budden,477586
russia is gay,Rucka Rucka ALI,parody,comedy,508653,Epic Rap Battles Of History,Your Favorite Martian,Bo Burnham,22338
All,Rydah J. Klyde,Bay Area,Gangsta Rap,82264,Bavgate,Beeda Weeda,AP.9,20745
seen live,Rye Rye,electronic,Hip-Hop,1084526,Kid Sister,Amanda Blank,M.I.A.,152018
wu-tang,RZA,rap,Hip-Hop,5121447,Wu-Tang Clan,Inspectah Deck,Method Man,414879
rap,Slick Rick,old school,Hip-Hop,2074181,Big Daddy Kane,EPMD,Eric B. & Rakim,248546
Gangsta Rap,Snoop Dogg,rap,Hip-Hop,36110057,Dr. Dre,Ice Cube,213,2362113
NA,NA,NA,NA,NA,NA,NA,NA,NA
underground hip-hop,Saafir,rap,Hip-Hop,71043,The Nonce,Extra Prolific,Yaggfu Front,6843
NA,NA,NA,NA,NA,NA,NA,NA,NA
sicario,Sacario,under 2000 listeners,Hip-Hop,5755,Hustle Child,One on One,Life Of A Stranger,1418
new york,Sadat X,rap,Hip-Hop,275725,Ras Kass,Brand Nubian,D.I.T.C.,32888
abstract hip-hop,Sadistik,underground hip-hop,Hip-Hop,1540142,Sadistik x Kno,No Bird Sing,Eyedea & Abilities,57037
rap,Sage Francis,underground hip-hop,Hip-Hop,10054440,Non-Prophets,B. Dolan,Atmosphere,321256
american,Sage the Gemini,rap,Hip-Hop,1108944,Kid Ink,K Camp,Mike Will Made-It,164975
east coast rap,Saigon,rap,Hip-Hop,1918621,Papoose,Joell Ortiz,Skyzoo,188085
Gangsta Rap,Sam Sneed,west coast,Hip-Hop,17382,Twinz,RBX,K-Dee,3509
hip hop,Sammy Adams,rap,Hip-Hop,647098,Cam Meekins,Chiddy Bang,Hoodie Allen,79481
Kpop,San E,rap,Korean,305958,ZICO,Jay Park,Dok2,14035
Hip-Hop,San Quinn,rap,Bay Area,293151,Messy Marv,Husalah,Bavgate,50489
african,Sarkodie,rap,ghana,56048,Iyanya,SHATTA WALE,Korede Bello,7357
new york,Sauce Money,rap,Hip-Hop,38508,TEF,Sonja Blade,All City,9630
Italo Disco,Savage,Disco,80s,1775769,Bad Boys Blue,F.R. David,Fancy,147296
NA,NA,NA,NA,NA,NA,NA,NA,NA
underground hip-hop,ScHoolboy Q,rap,Hip-Hop,14450290,Isaiah Rashad,Ab-Soul,A$AP Rocky,464066
Gangsta Rap,Schoolly D,rap,Hip-Hop,234234,MC Shan,Just-Ice,Ice-T,41843
rap,Scott Storch,Hip-Hop,producer,11212,Just Blaze,2XL,Cool & Dre,1309
dance,Scotty,House,reggae,771484,Global Deejays,I-Roy,The Slickers,124454
d and d,Scram Jones,nature sounds,Hip-Hop,14793,Push! Montana,swigga,Agallah,2575
New Zealand,Scribe,Hip-Hop,seen live,287016,Bhayanak Maut,Norma Jean,Home Brew,23109
hip hop,Scrilla,Hip-Hop,rap,5520,Alley Boy,Maybach Music Group,Chinx Drugz,875
Hip-Hop,Scrufizzer,UK,Grime,38599,Kozzie,Maxsta,Marger,6676
trap,SD,Hip-Hop,rap,331509,Fredo Santana,Lil Reese,Chief Keef,23472
sexy,Sean Combs,pop,electronic,1558,"Ray Davies (Kinks), Jackson Browne",M.V.P. (Most Valuable Playas),Phat Bollard,143
Hip-Hop,Sean Paul,reggae,dancehall,15487569,Shaggy,Elephant Man,Beenie Man,1257509
underground hip-hop,Sean Price,rap,Hip-Hop,2316329,Heltah Skeltah,Random Axe,Boot Camp Clik,118648
West Coast Gangsta Rap,Sean T,California,rap,20574,Lil Ric,Young Ed,Mafiosos,4121
rap,Serius Jones,hip hop,Hip-Hop,41694,Hell Rell,J.R. Writer,Jay Bezel,5636
christian,Sev Statik,rap,Hip-Hop,36336,Tunnel Rats,Ill Harmonics,Deepspace 5,4511
NA,NA,NA,NA,NA,NA,NA,NA,NA
rap,Shabazz the Disciple,wu-tang,Hip-Hop,133668,9th Prince,Dom Pachino,Black Market Militia,15289
rap,Shad,Canadian,Hip-Hop,2040707,K-OS,Blu & Exile,Common Market,72876
west coast,Shade Sheist,Hip-Hop,rap,93825,Nate Dogg,Tha Dogg Pound,DJ Quik,22680
Hip-Hop,Shady Nate,Bay Area,rap,86858,Lil Rue,J Stalin,Messy Marv and Berner,15915
Hip-Hop,Shaggy,dancehall,reggae,6753741,Sean Paul,Chaka Demus & Pliers,Mr. Vegas,896989
NA,NA,NA,NA,NA,NA,NA,NA,NA
hip hop,Shaquille O'Neal,rap,Hip-Hop,93357,LL Cool J,Naughty By Nature,Showbiz & A.G.,11369
Dirty South,Shawnna,Hip-Hop,rap,413512,Remy Ma,Lil' Kim,Trina,115262
Hip-Hop,Shawty Lo,Dirty South,rap,1613459,Young Dro,Webbie,D4L,461472
east coast rap,Sheek Louch,Hip-Hop,rap,702696,Styles P,Jadakiss,Vado,123074
rap,Shing02,japanese,Hip-Hop,1007584,Nujabes,Pase Rock,Force of Nature,49754
gospel rap,Sho Baraka,christian,Christian Rap,126117,Pro,116 Clique,Thi'sl,8287
hip hop,Shock G,rap,Hip-Hop,16418,Mysonne,Sarah Jones,Stezo,2511
math rock,Shorty,Hip-Hop,noise rock,111018,U.S. Maple,P Money,Cows,13136
NA,NA,NA,NA,NA,NA,NA,NA,NA
alternative hip-hop,Shwayze,chill,Hip-Hop,4643347,Aer,Chiddy Bang,Radical Something,385337
DC,Shy Glizzy,rap,Hip-Hop,220977,PeeWee Longway,Young Dolph,Young Scooter,18966
rap,Shyheim,wu-tang,Hip-Hop,391153,Killarmy,Sunz of Man,U-God,58437
Gangsta Rap,Shyne,Hip-Hop,rap,535671,Beanie Sigel,Cam'ron,Jadakiss,94368
NA,NA,NA,NA,NA,NA,NA,NA,NA
Dirty South,Silkk The Shocker,Hip-Hop,rap,196396,Master P,C-Murder,TRU,50419
german,Silla,rap,Deutschrap,310521,Fler,Alpa Gun,Fard,6917
NA,NA,NA,NA,NA,NA,NA,NA,NA
NA,NA,NA,NA,NA,NA,NA,NA,NA
old school,Sir Mix-A-Lot,Hip-Hop,rap,1517333,Kris Kross,DJ Jazzy Jeff & The Fresh Prince,Digital Underground,358395
dubstep,Sirah,rap,electronica,80283,"Skrillex, 12th Planet & Kill The Noise",Kaskade feat. Mindy Gledhill,Sky Blu,6192
hip hop,Skee-Lo,rap,Hip-Hop,858970,Luniz,DJ Jazzy Jeff & The Fresh Prince,Kris Kross,179071
hip hop,Skeme,underground hip-hop,west coast,247684,Dom Kennedy,Nipsey Hussle,Pac Div,35794
UK hip-hop,Skinnyman,UK hip hop,Hip-Hop,427412,Klashnekoff,Jehst,Braintax,53004
new york,Skyzoo,underground hip-hop,Hip-Hop,1007130,Skyzoo & Torae,Torae,Little Brother,98522
hip hop,SL Jones,Hip-Hop,rap,11820,Alley Boy,Killa Kyleon,S.L. Jones,1736
rnb,Sleepy Brown,soul,Hip-Hop,229610,The Tony Rich Project,Da Brat,Maxwell,46961
pop,Slick Pulla,Dirty South,Hip-Hop,41475,Jody Breeze,Alfamega,J-Money,4078
NA,NA,NA,NA,NA,NA,NA,NA,NA
Hip-Hop,Slim Thug,rap,Dirty South,2590119,Paul Wall,Z-Ro,Pimp C,377437
rhymesayers,Slug,underground hip hop,Hip-Hop,447398,Atmosphere,Sage Francis,Eyedea & Abilities,78835
miami,Smitty,rap,hip hop,91960,Ray Cash,Da Backwudz,Ali & Gipp,16923
underground hip-hop,Smoke DZA,rap,Hip-Hop,1595675,Curren$y,Stalley,Young Roddy,226675
Drum and bass,Smooth,electronic,trip-hop,650639,BMotion,InsideInfo,The Prototypes,76582
rap,Smoothe Da Hustler,Hip-Hop,underground hip-hop,91995,Jemini The Gifted One,Ill Biskits,Scientifik,8905
NA,NA,NA,NA,NA,NA,NA,NA,NA
rap,Snootie Wild,trap,Hip-Hop,107732,K Camp,Chedda Da Connect,Rich Homie Quan,19653
female vocalists,Snow Tha Product,rap,Hip-Hop,424707,Honey Cocaine,Ces Cru,Wrekonize,16231
Hip-Hop,"soce, the elemental wizard",antifolk,dance,4728,Guy B,Naomi Hates Humans,Huggabroomstik,641
underground hip-hop,Sole,anticon,Hip-Hop,1579750,Sole and the Skyrider Band,Sole & Dj Pain 1,Deep Puddle Dynamics,80982
NA,NA,NA,NA,NA,NA,NA,NA,NA
sxsw 2016,Sonny Digital,rap,Hip-Hop,27205,Lil Uzi Vert & Gucci Mane,Rich The Kid,Dae Dae,6367
new york,Sonsee,rap,Hip-Hop,292,SONNY SEEZA,Fredro Starr,Hoodratz,46
Hip-Hop,Soopafly,G-funk,rap,110677,Bad Azz,Kurupt & J Wells,Battlecat,29509
Crunk,Soulja Boy,rap,Hip-Hop,7568703,Chief Keef,OJ da Juiceman,Gucci Mane,1019749
New Orleans,Soulja Slim,Dirty South,rap,193721,Kane & Abel,Lil Boosie and Webbie,Mia X,46932
Hip-Hop,South Park Mexican,South Park Mexican,rap,597391,Chingo Bling,Lil' Keke,Lighter Shade Of Brown,81274
trap rap,Southside,rap,Hip-Hop,17269,Hyper Sniper,King Pheenix,Jay Bishop,3008
Lo-Fi,SpaceGhostPurrp,rap,Hip-Hop,1684108,Raider Klan,Robb Bank$,Black Kray,43148
old school rap,Special Ed,rap,Hip-Hop,195624,Stetsasonic,Kool Moe Dee,Nice & Smooth,48221
Hip-Hop,Spice 1,West Coast Rap,Gangsta Rap,941933,Celly Cel,C-Bo,MC Eiht,143116
Gangsta Rap,Spider Loc,Hip-Hop,rap,317718,40 Glocc,Hot Rod,Lil Eazy-E,99442
80s,Spoonie Gee,rap,Hip-Hop,73333,West Street Mob,Grandmaster Flash and The Furious Five,The Sugarhill Gang,25408
hip hop,Spose,rap,Hip-Hop,450167,Watsky,Flobots,Wax,51164
punk rock,Spot,punk,seen live,59828,empty Face,Crowfish,Plastic Bo,4529
hip hop,Stalley,rap,Hip-Hop,909722,Smoke DZA,LE$,Curren$y,83642
Dirty South,Starlito,rap,Hip-Hop,268233,Don Trip,Young Dolph,Bankroll Fresh,16658
Dirty South,Stat Quo,Hip-Hop,rap,1344170,Ca$his,Obie Trice,Eminem,418022
rnb,Static Major,rap,Hip-Hop,31099,Playa,2 Pistols,Sean Garrett,3301
rap,Statik Selektah,underground hip-hop,Hip-Hop,1736078,Skyzoo,Termanology,Torae,112190
old school,Steady B,rap,Hip-Hop,28263,Cool C,Three Times Dope,Super Lover Cee & Casanova Rud,5845
Gangsta Rap,Stevie Joe,rap,All,43219,Rydah J. Klyde,Eddi Projex,Krypto,8403
rap,Stevie Stone,Hip-Hop,Strange Music,318115,Krizz Kaliko,Kutt Calhoun,Tech N9ne,42501
hip hop,Stezo,rap,Hip-Hop,26161,Dooley O,Homeliss Derilex,Chill Rob G,5112
hardcore rap,Sticky Fingaz,rap,Hip-Hop,329730,Onyx,Ill Bill,Kool G Rap,27354
alternative,Stoka,Hip-Hop,seen live,17573,Tram 11,El Bahattee,General Woo,894
Hip-Hop,Stoupe The Enemy Of Mankind,underground rap,instrumental hip-hop,50060,Stoupe,Jus Allah,Nuttkase,1867
acid jazz,Stretch,rock,funk,313524,Camille Yarbrough,Brooklyn Funk Essentials,Jestofunk,71682
D-Block,Styles P,rap,Hip-Hop,2136643,Sheek Louch,Jadakiss,The Lox,254889
rap,Substantial,underground hip-hop,Hip-Hop,538373,Bop Alloy,DSK,Specifics,52304
West Coast Rap,Suga Free,rap,G-funk,336072,DJ Quik,Too $hort,Spice 1,43363
australian,Suffa,Aussie Hip-Hop,Hip-Hop,3306,Cross Bred Mongrels,Muphin,Jodie Morgan,266
swag,Swagg Man,dollars,rap mongol,6891,Kidd Kidd,Ixzo,40000 GANG,631
old school,Sweet Tee,rap,Hip-Hop,14621,Princess Mc,Tanya Winley,Nicki Giovanni,5246
hip hop,Swizz Beatz,rap,Hip-Hop,1196334,MIMS,Lloyd Banks,Fabolous,167558
funk volume,SwizZz,rap,alternative hip-hop,106641,Hopsin & SwizZz,The Jokerr,Cryptic Wisdom,10189
electronic,Syd Tha Kyd,Hip-Hop,ofwgkta,31522,The Super 3,Jack Mushroom,Left Brain,3783
female vocalists,sZa,soul,electronic,2060218,Kelela,Jhené Aiko,Kilo Kish,125390
Dirty South,T.I.,rap,Hip-Hop,31173715,Young Jeezy,Ludacris,Lil' Wayne,2347284
ofwgkta,"Tyler, the Creator",rap,Hip-Hop,24552560,Earl Sweatshirt,OFWGKTA,MellowHype,554010
old school,T La Rock,rap,Hip-Hop,35000,Roxanne Shanté,Steady B,U.T.F.O.,9407
Hip-Hop,T-Bone,christian,Christian Rap,175282,Pettidee,Gospel Gangstaz,The Cross Movement,17554
SacTown Rap,T-Nutty,West Coast Rap,rap,42745,Lunasicc,Killa Tay,Young Droop,7635
rap,T-Pain,Hip-Hop,rnb,9871184,Bow Wow,Omarion,Trey Songz,1224065
rnb hiphop,T-Wayne,All,hip hop,278961,K Camp,Rich Homie Quan,O.T. Genasis,63497
hip hop,T. Mills,powerpop,electronic,2726993,Breathe Carolina,Blackbear,Mod Sun,93602
NA,NA,NA,NA,NA,NA,NA,NA,NA
NA,NA,NA,NA,NA,NA,NA,NA,NA
hip hop,Tabi Bonney,rap,Hip-Hop,124578,Ski Beatz,Fly Union,TiRon,13778
NA,NA,NA,NA,NA,NA,NA,NA,NA
Hip-Hop,Taio Cruz,pop,rnb,16119923,Flo Rida,Jay Sean,Pitbull,1450585
NA,NA,NA,NA,NA,NA,NA,NA,NA
hip hop,Talib Kweli,rap,Hip-Hop,12362526,Reflection Eternal,Pharoahe Monch,Talib Kweli & Hi-Tek,777293
speed metal,Target,Technical Thrash Metal,thrash metal,62918,Mandator,Forced Entry,Cyclone,5646
southern rap,Tay Dizm,rap,Hip-Hop,207538,Young Cash,2 Pistols,Yung Berg,60629
Hip-Hop,TD Cruze,experimental,instrumental hip-hop,1288,YY Ori,A.N.G,Phunk Masta Seven,174
NA,NA,NA,NA,NA,NA,NA,NA,NA
Horrorcore,Tech N9ne,Hip-Hop,rap,15402004,Krizz Kaliko,Rittz,Kutt Calhoun,661083
christian,Tedashii,christian hip-hop,Christian Rap,295221,Trip Lee,KB,Derek Minor,27165
los angeles,TEEFLII,male vocalists,California,94880,Nipsey Hussle,DJ Mustard,Dom Kennedy,14600
Hip-Hop,Tekitha,wu-tang,soul,46547,Royal Fam,Streetlife,Shabazz the Disciple,11575
southern rap,Tela,Dirty South,rap,58291,Eightball,MJG,Kane & Abel,11294
rap,Termanology,underground hip-hop,Hip-Hop,974129,Reks,Statik Selektah,Skyzoo,77112
rap,Terrace Martin,G-funk,Hip-Hop,343930,Robert Glasper Experiment,Elzhi,Dom Kennedy,44259
female vocalists,Teyana Taylor,rnb,hip hop,347666,Sevyn Streeter,K. Michelle,Mila J,42908
NA,NA,NA,NA,NA,NA,NA,NA,NA
NA,NA,NA,NA,NA,NA,NA,NA,NA
NA,NA,NA,NA,NA,NA,NA,NA,NA
male vocalists,The-Dream,r&b,rnb,5962565,Trey Songz,Lloyd,Jeremih,678025
indie,Theophilus London,electronic,Hip-Hop,4232945,Kid Cudi,Allan Kingdom,Raury,267558
rap,Tiffany Foxx,hip hop,Hip-Hop,10941,Lola Monroe,Brianna Perry,Nyemiah Supreme,1320
hardcore rap,Tim Dog,Hip-Hop,rap,110012,The Cenobites,Analog Brothers,Masters Of Illusion,12614
hiphop,Timaya,african,nigeria,71200,Iyanya,P-Square,Davido,9334
rap,Timbaland,rnb,Hip-Hop,28930528,Timbaland & Magoo,Keri Hilson,Justin Timberlake,1817933
NA,NA,NA,NA,NA,NA,NA,NA,NA
rap,Tinie Tempah,Grime,Hip-Hop,10630078,Tinchy Stryder,Professor Green,Lethal Bizzle,871819
NA,NA,NA,NA,NA,NA,NA,NA,NA
Christian Rap,TobyMac,christian rock,christian,4207822,Newsboys,MercyMe,DC Talk,233197
NA,NA,NA,NA,NA,NA,NA,NA,NA
Philly,Tone Trump,Hip-Hop,rap,5929,Oschino,Reed Dollaz,MAJOR FIGGAS,1421
underground hip-hop,Tonedeff,rap,Hip-Hop,942577,Kno,CunninLynguists,Natti,68637
NA,NA,NA,NA,NA,NA,NA,NA,NA
G-Unit,Tony Yayo,Hip-Hop,rap,1353510,Lloyd Banks,G-Unit,Young Buck,304710
NA,NA,NA,NA,NA,NA,NA,NA,NA
NA,NA,NA,NA,NA,NA,NA,NA,NA
NA,NA,NA,NA,NA,NA,NA,NA,NA
rap,Tory Lanez,Hip-Hop,rnb,1350635,PARTYNEXTDOOR,Bryson Tiller,Ty Dolla $ign,112377
east coast rap,Tracey Lee,Hip-Hop,underground hip-hop,10313,Smoothe Da Hustler,Nostradame,McGruff,1887
rap,Trae tha Truth,Hip-Hop,Dirty South,345642,Z-Ro,Slim Thug,Lil Keke,42726
Queensbridge,Tragedy Khadafi,rap,Hip-Hop,310462,Blaq Poet,Styles P,Capone-N-Noreaga,37279
NA,NA,NA,NA,NA,NA,NA,NA,NA
Hip-Hop,Traxamillion,Bay Area,hyphy,169092,Dem Hoodstarz,The Team,Turf Talk,34174
singer-songwriter,Tray Deee,rap,Hip-Hop,3166,LBC crew,RBX,Bad Azz,369
USA,Tre-8,no limit,Michigan,12379,MR. SERV-ON,Simken heights,Bone Skanless,1675
Gangsta Rap,Treach,rap,Hip-Hop,1165,Tragedy Khadafi & Don Black,Smoothe Da Hustler & D.V. Alias Khrist,"Doo Wop, Fat Joe, Akinyele, Pretty Boy Floyd & Lord Tariq",415
male vocalists,Trey Songz,soul,rnb,16126837,August Alsina,Chris Brown,Omarion,1322695
Dirty South,Trick Daddy,Hip-Hop,rap,2058764,Plies,Juvenile,Mystikal,381437
NA,NA,NA,NA,NA,NA,NA,NA,NA
female vocalists,Trina,Hip-Hop,rap,1640621,Lil' Kim,Foxy Brown,Remy Ma,252300
trap,Trinidad James,rap,Hip-Hop,776765,2 Chainz,Juicy J,Yo Gotti,83719
christian hip-hop,Trip Lee,christian,Christian Rap,543214,Tedashii,Lecrae,KB,36255
male vocalist,Tristan Wilds,rnb,r&b,4625,Bridget Kelly,Devin Tracy,Netta Brielle,208
rap,Troy Ave,new york,Hip-Hop,233715,Chinx,Jadakiss,French Montana,39513
NA,NA,NA,NA,NA,NA,NA,NA,NA
Hip-Hop,Turf Talk,hyphy,Bay Area,152667,Dem Hoodstarz,San Quinn,Traxamillion,30775
nederhop,Turk,Hip-Hop,rap,114447,Kohfie Konnect,Jiggy Djé,Winne,16367
G-funk,Tweedy Bird Loc,west coast,Gangsta Rap,30796,Fo' Clips Eclipse,Damu Ridas,Havoc & Prodeje,2273
hip hop,Twista,Hip-Hop,rap,4923944,David Banner,Ja Rule,Ludacris,710451
juggalo,Twisted Insane,underground hip-hop,Horrorcore,188705,Brotha Lynch Hung,Prozak,Tech N9ne,7373
NA,NA,NA,NA,NA,NA,NA,NA,NA
hip hop,Tyga,rap,Hip-Hop,12329134,Kid Ink,Chris Brown & Tyga,Wiz Khalifa,1440152
indie pop,Tyler Joseph,indie,alternative,129435,Twenty One Pilots,The Brobecks,Panic! at the Disco,6117
ofwgkta,"Tyler, the Creator",rap,Hip-Hop,24552560,Earl Sweatshirt,OFWGKTA,MellowHype,554010
NA,NA,NA,NA,NA,NA,NA,NA,NA
Korean Hip-Hop,Verbal Jint,Hip-Hop,Korean,361122,Dynamic Duo,ZICO,Beenzino,9811
rap,U-God,Hip-Hop,wu-tang,665062,Cappadonna,Inspectah Deck,Masta Killa,101733
underground hip-hop,Uncle Murda,rap,Hip-Hop,180324,Joe Budden,Papoose,Dave East,19672
rap,Unk,Dirty South,Hip-Hop,555923,Dem Franchize Boyz,Huey,Shop Boyz,140052
Hip-Hop,U$O,danish,dansk rap,21134,Troo.L.S & Orgi-E,Jeppe Rapp,Johnson,2113
rap,Wyclef Jean,reggae,Hip-Hop,6290524,Fugees,Fat Joe,Nelly,642991
white girl mob,V-Nasty,rap,Hip-Hop,58406,Gucci Mane & V-Nasty,Lil Debbie & V-Nasty,Katie Got Bandz,2929
mainstream,V.I.C.,rap,Hip-Hop,326311,Lil Jon,Cupid,Cali Swag District,90293
harlem,Vado,rap,Hip-Hop,412961,Fabolous,Jim Jones,Sheek Louch,84552
chicago,Vakill,underground hip-hop,Hip-Hop,308498,Wordsworth,PackFM,Pumpkinhead,25721
pop,Val Young,rnb,funk,38362,Cheri,Toba,Shotgun,11632
Portugal,Valete,rap,hip hop,176767,Dealema,Xeg,Mind Da Gap,11054
90s,Vanilla Ice,Hip-Hop,rap,1830108,MC Hammer,Kris Kross,Sir Mix-A-Lot,453866
hip hop,Vast Aire,underground hip-hop,Hip-Hop,578953,Cannibal Ox,Evidence,The Demigodz,65983
Korean Hip-Hop,Verbal Jint,Hip-Hop,Korean,361122,Dynamic Duo,ZICO,Beenzino,9811
soul,Verse Simmonds,Hip-Hop,rnb,135869,Eric Bellinger,Jonn Hart,Elijah Blake,26047
chicago,Vic Mensa,rap,Hip-Hop,1355630,Joey Purp,Mick Jenkins,Chance the Rapper,117848
underground hip-hop,Vince Staples,rap,Hip-Hop,5265757,Earl Sweatshirt,ScHoolboy Q,Isaiah Rashad,151408
rap,Vinnie Paz,Hip-Hop,underground hip-hop,2776984,Army of the Pharaohs,Jedi Mind Tricks,Snowgoons,110108
psychopathic,Violent J,Horrorcore,juggalo,572735,2 Dope,Monoxide,Jamie Madrox,81116
rest in peace,VL Mike,south,rap,2856,Mr. Lucci,Fast Life Yungstaz,UTP,446
Gangsta Rap,Xzibit,Hip-Hop,rap,7964151,Obie Trice,WC,Westside Connection,930233
Dirty South,Waka Flocka Flame,rap,Hip-Hop,7395350,Gucci Mane,Chief Keef,Juicy J,815860
hip hop,Wale,rap,Hip-Hop,14305416,J. Cole,Fabolous,Meek Mill,1323230
rap,Warren G,G-funk,Hip-Hop,4337833,Nate Dogg,DJ Quik,Tha Dogg Pound,573597
NA,NA,NA,NA,NA,NA,NA,NA,NA
hip hop,Watsky,rap,Hip-Hop,2616817,Spose,Hoodie Allen,Lil Dicky,77283
NA,NA,NA,NA,NA,NA,NA,NA,NA
Hip-Hop,WC,rap,Gangsta Rap,1052701,Mack 10,Westside Connection,Kurupt,181310
Dirty South,Webbie,Hip-Hop,rap,1179517,Lil Boosie,Young Dro,Boosie Badazz,281728
new york,Westside Gunn,rap,Hip-Hop,80877,Roc Marciano,Ka,Meyhem Lauren,4124
NA,NA,NA,NA,NA,NA,NA,NA,NA
pop,Will Smith,rap,Hip-Hop,7677981,DJ Jazzy Jeff & The Fresh Prince,Nelly,LL Cool J,895163
rnb,will.i.am,rap,Hip-Hop,12469722,Black Eyed Peas,Pitbull,Fergie,1077963
Hip-Hop,Willie D,southern rap,Gangsta Rap,66454,Facemob,5th Ward Boyz,Ganksta Nip,10306
rap,Willie the Kid,hip hop,Hip-Hop,132929,La the Darkman,Willie The Kid & Bronze Nazareth,DJ Kay Slay,9985
female vocalists,Willow Smith,rnb,pop,2960567,Jaden Smith,Willow,Doja Cat,639010
west coast,Willy Northpole,hip hop,rap,53094,Roccett,Nu Jerzey Devil,Triple C's,12368
Midwest,Wish Bone,rap,Hip-Hop,1247,Poetic Hustla'z,II Tru,Mo Thugs Family,387
rap,Witchdoctor,dungeon family,Hip-Hop,77729,Cool Breeze,Big Gipp,Slimm Calhoun,9600
NA,NA,NA,NA,NA,NA,NA,NA,NA
wizzy,Wizkid,wizkid,nigeria,220946,Davido,Burna Boy,Iyanya,29915
rap,Wrekonize,underground hip-hop,Hip-Hop,134268,¡Mayday!,Ces Cru,Krizz Kaliko,5545
rap,Wyclef Jean,reggae,Hip-Hop,6290524,Fugees,Fat Joe,Nelly,642991
rap,X-Raided,sacramento,Gangsta Rap,312752,Mr. Doctor,Sicx,Hollow Tip,47245
hip hop,XV,rap,Hip-Hop,3241052,Wale,Shawn Chrystopher,Lupe Fiasco,526962
Gangsta Rap,Xzibit,Hip-Hop,rap,7964151,Obie Trice,WC,Westside Connection,930233
Horrorcore,xxxtentacion,rap,trap,600904,LIL PEEP,Playboi Carti,LIL UZI VERT,28367
Dirty South,Young Jeezy,Hip-Hop,rap,15654186,Rick Ross,Yo Gotti,T.I.,1534009
west coast,Ya Boy,hip hop,rap,946514,Nu Jerzey Devil,Cyssero,Roccett,153101
outlawz,Yaki Kadafi,rap,Hip-Hop,7088,Outlawz & Geronimo Ji Jaga,Young Noble,Hussein Fatal,541
NA,NA,NA,NA,NA,NA,NA,NA,NA
rap,Yc,hip hop,Hip-Hop,97593,LoveRance,Diggy Simmons,Cash Out,15303
Dirty South,Yelawolf,rap,Hip-Hop,6675442,Rittz,Travis Barker & Yelawolf,Ed Sheeran & Yelawolf,408812
west coast,YG,rap,Hip-Hop,3948949,ScHoolboy Q,Ty Dolla $ign,DJ Mustard,322195
Hip-Hop,Yo Gotti,Dirty South,rap,3307530,K Camp,Young Jeezy,Rich Homie Quan,606294
Indian,Yo Yo Honey Singh,rnb,Hip-Hop,94556,Mika Singh,Mohit Chauhan,Vishal Dadlani,7381
NA,NA,NA,NA,NA,NA,NA,NA,NA
underground hip-hop,Young Bleed,Hip-Hop,rap,85368,Kane & Abel,Mia X,Mac,16906
Dirty South,Young Buck,Hip-Hop,rap,4122857,Lloyd Banks,G-Unit,Tony Yayo,641784
Hip-Hop,Young Chop,trap,drill,74448,Chief Keef,Lil Durk,Fredo Santana,7313
state property,Young Chris,rap,Hip-Hop,253774,Peedi Crakk,Stack Bundles,Young Gunz,71436
los angeles,Young Dre The Truth,west coast,rap,40119,KNOC-TURN'AL,Slim The Mobster,Fly Society,8897
Hip-Hop,Young Dro,rap,Dirty South,2036721,Webbie,Yo Gotti,Rocko,433631
Dirty South,Young Jeezy,Hip-Hop,rap,15654186,Rick Ross,Yo Gotti,T.I.,1534009
West Coast Rap,Young MayLay,rap,Hip-Hop,94472,Trick Trick,Stevie Stone,Too $hort,13556
NA,NA,NA,NA,NA,NA,NA,NA,NA
West Coast Rap,Young Noble,Hip-Hop,rap,19524,Young Noble & E.D.I.,Young Noble & Hussein Fatal,Stormey,3222
Dirty South,Young Scooter,rap,Hip-Hop,295948,Young Dolph,PeeWee Longway,Bankroll Fresh,23959
trap,Young Thug,rap,Hip-Hop,7151071,Future,Rich Gang,LIL UZI VERT,182281
underground hip-hop,Your Old Droog,rap,Hip-Hop,186986,Quelle Chris,Roc Marciano,Czarface,13772
NA,NA,NA,NA,NA,NA,NA,NA,NA
Hip-Hop,Yukmouth,Bay Area,rap,600086,C-Bo,The Jacka,Keak Da Sneak,106417
yung berg,Yung Berg,rap,Hip-Hop,860308,2 Pistols,Sean Garrett,One Chance,242459
Dirty South,Yung Joc,Hip-Hop,rap,2818460,Lil Scrappy,D4L,YoungBloodz,624188
futuristic hip-hop,Yung L.A.,rap,Hip-Hop,568964,J. Futuristic,Young Dro & Yung LA,Frenchie,175286
cloud rap,Yung Lean,sad,Hip-Hop,7840289,Bladee,Thaiboy Digital,Bones,110624
southern rap,Yung Ro,hardcore rap,texas,10069,Kyle Lee,Archie Lee,50/50 Twin,2371
hip hop,Yung Wun,rap,Hip-Hop,40538,Young Gunz,Da Backwudz,Drag-On,6880
NA,NA,NA,NA,NA,NA,NA,NA,NA
old school,Yz,rap,Hip-Hop,24882,Grand Daddy I.U.,King Sun,Lakim Shabazz,4558
Hip-Hop,Z-Ro,rap,Dirty South,2116584,Trae,Lil Keke,Slim Thug,167068
southern rap,Zaytoven,Dirty South,hip hop,22136,Tracy T,Lil Meta,Mike Fresh,6447
rap,Zebra Katz,seen live,Hip-Hop,419620,LE1F,Mykki Blanco,Cakes Da Killa,46391
Hip-Hop,ZICO,k-pop,Korean,1348507,Block B,Jay Park,Bastarz,23925
